0.10941,0.10801,0.10631,0.11762,0.11586,-0.02,0.096671,0.092411,0,0,0.076421,0,0,-0.02,0,0,0,0,-0.02,0,0,0,-0.02,0,0,-0.02,-0.02,-0.02,-0.02,-0.02,-0.02,-0.02,0.10655,0.10594,0.10533,0.10472,0.10424,0.10393,0.10413,0.10602,0.10389,0.099924,0.095552,0.090777,0.085326,-0.02,0,0,0,0,-0.02,-0.02,-0.02,-0.02,-0.02,-0.02,-0.02,-0.02,-0.02,-0.02,-0.02,-0.02,-0.02,-0.02,-0.02,-0.02,-0.02,0.094364,0.092932,0.091687,0.09048,0.089608,0.089819,0.088967,0.083651,-0.02,-0.02,-0.02,-0.02,-0.02,-0.02,-0.02,-0.02,-0.02,-0.02,-0.02,-0.02,-0.02,-0.02,-0.02,-0.02,-0.02,-0.02,-0.02,-0.02,-0.02,-0.02,-0.02,-0.02,0.08319,-0.02,-0.02,-0.02,-0.02,-0.02,-0.02,-0.02,-0.02,-0.02,-0.02,-0.02,-0.02,-0.02,-0.02,-0.02,-0.02,-0.02,-0.02,-0.02,-0.02,-0.02,-0.02,-0.02,-0.02,-0.02,-0.02,-0.02,-0.02,-0.02,-0.02,-0.02,-0.02,-0.02,-0.02,-0.02,-0.02,-0.02,-0.02,-0.02,-0.02,-0.02,-0.02,-0.02,-0.02,-0.02,-0.02,-0.02,-0.02,-0.02,-0.02,-0.02,-0.02,-0.02,-0.02,-0.02,-0.02,-0.02,-0.02,-0.02,-0.02,-0.02,-0.02,-0.02,-0.02,-0.02,-0.02,-0.02,-0.02,-0.02,-0.02,-0.02,-0.02,-0.02,-0.02,-0.02,-0.02,-0.02,-0.02,-0.02,-0.02,-0.02,-0.02,-0.02,-0.02,-0.02,-0.02,-0.02,-0.02,-0.02,-0.02,-0.02,-0.02,-0.02,-0.02,-0.02,-0.02,-0.02,-0.02,-0.02,-0.02,-0.02,-0.02,-0.02,-0.02,-0.02,-0.02,-0.02,-0.02,-0.02,-0.02,-0.02,-0.02,-0.02,-0.02,-0.02,-0.02,-0.02,-0.02,-0.02,-0.02,-0.02,-0.02,-0.02,-0.02,-0.02,-0.02,-0.02,-0.02,-0.02,-0.02,-0.02,-0.02,-0.02,-0.02,-0.02,-0.02,-0.02,-0.02,-0.02,-0.02,-0.02,-0.02,-0.02,-0.02,-0.02,-0.02,-0.02,-0.02,-0.02,-0.02,-0.02,-0.02,-0.02,-0.02,-0.02,-0.02,-0.02,-0.02,-0.02,-0.02,-0.02,-0.02,-0.02,-0.02,-0.02,-0.02,-0.02,-0.02,-0.02,-0.02,-0.02,-0.02,-0.02,-0.02,-0.02,-0.02,-0.02,-0.02,-0.02,-0.02,-0.02,-0.02,-0.02,-0.02,-0.02,-0.02,-0.02,-0.02,-0.02,-0.02,-0.02,-0.02,-0.02,-0.02,-0.02,-0.02,-0.02,-0.02,-0.02,-0.02,-0.02,-0.02,-0.02,-0.02,-0.02,-0.02,-0.02,-0.02,-0.02,-0.02,-0.02,-0.02,-0.02,-0.02,-0.02,-0.02,-0.02,-0.02,-0.02,-0.02,-0.02,-0.02,-0.02,-0.02,-0.02,-0.02,-0.02,-0.02,-0.02,-0.02,-0.02,-0.02,-0.02,-0.02,-0.02,-0.02,-0.02,-0.02,-0.02,-0.02,-0.02,-0.02,-0.02,-0.02,-0.02,-0.02,-0.02,-0.02,-0.02,-0.02,-0.02,-0.02,-0.02,-0.02,-0.02,-0.02,-0.02,-0.02,-0.02,-0.02,-0.02,-0.02,-0.02,-0.02,-0.02,-0.02,-0.02,-0.02,-0.02,-0.02,-0.02,-0.02,-0.02,-0.02,-0.02,-0.02,-0.02,-0.02,-0.02,-0.02,-0.02,-0.02,-0.02,-0.02,-0.02,-0.02,-0.02,-0.02,-0.02,-0.02,-0.02,-0.02,-0.02,-0.02,-0.02,-0.02,-0.02,-0.02,-0.02,-0.02,-0.03,-0.03,-0.03,-0.02,-0.02,-0.02,-0.02,-0.02,-0.02,-0.02,-0.02,-0.02,-0.02,-0.02,-0.02,-0.02,-0.02,-0.02,-0.02,-0.02,-0.02,-0.02,-0.02,-0.02,-0.02,-0.02,-0.02,-0.02,-0.02,-0.02,-0.02,-0.03,-0.03,-0.03,-0.03,-0.03,-0.03,-0.02,-0.02,-0.02,-0.02,-0.02,-0.02,-0.02,-0.02,-0.02,-0.02,-0.02,-0.02,-0.02,-0.02,-0.02,-0.02,-0.02,-0.02,-0.02,-0.02,-0.02,-0.02,-0.02,-0.02,-0.02,-0.02,-0.03,-0.02,-0.02,-0.02,-0.02,-0.02,-0.03,-0.02,-0.03,-0.03,-0.03,-0.03,0.08148,0.081558,0.081633,0.081746,0.081894,0.082054,-0.02,0.076205,0.07609,0.076079,0.076143,0.07632,0.076688,0.07735,0.078623,0.080552,0.082083,0.081836,0.081128,0.077271,0.07439,0.072027,0.072914,0.075929,0.073174,0.066059,0.065888,0.065721,0.06555,0.06537,0.063012,0.062871,0.062759,0.062695,0.062678,0.062745,0.062903,0.063149,0.063633,0.064296,0.06475,0.064836,0.064892,-0.02,-0.02,-0.02,-0.02,-0.02,-0.02,-0.02
0.10849,0.10763,0.10575,0.11911,0.099502,0.09609,0,0.088798,0.10594,-0.02,0,0,0,0,0,0,-0.02,0,0,0,0,0,0,0,0,-0.02,-0.02,-0.02,0.1151,0.11474,0.1144,0.11393,0.11343,0.11297,0.1126,0.11235,0.11258,0.11519,0.11186,0.10814,0.10396,0.099123,0.093572,0.087899,0,0,0,0,0,-0.02,-0.02,-0.02,-0.02,-0.02,-0.02,-0.02,-0.02,-0.02,-0.02,-0.02,-0.02,-0.02,-0.02,-0.02,-0.02,0.10281,0.10139,0.10016,0.09902,0.098054,0.097802,0.097571,-0.02,0.08697,0.080487,-0.02,-0.02,-0.02,-0.02,-0.02,-0.02,-0.02,-0.02,-0.02,-0.02,-0.02,-0.02,-0.02,-0.02,-0.02,-0.02,-0.02,-0.02,-0.02,-0.02,-0.02,-0.02,0.091607,0.089538,0.087608,-0.02,-0.02,-0.02,-0.02,-0.02,-0.02,-0.02,-0.02,-0.02,-0.02,-0.02,-0.02,-0.02,-0.02,-0.02,-0.02,-0.02,-0.02,-0.02,-0.02,-0.02,-0.02,-0.02,-0.02,-0.02,-0.02,-0.02,-0.02,-0.02,-0.02,-0.02,-0.02,-0.02,-0.02,-0.02,-0.02,-0.02,-0.02,-0.02,-0.02,-0.02,-0.02,-0.02,-0.02,-0.02,-0.02,-0.02,-0.02,-0.02,-0.02,-0.02,-0.02,-0.02,-0.02,-0.02,-0.02,-0.02,-0.02,-0.02,-0.02,-0.02,-0.02,-0.02,-0.02,-0.02,-0.02,-0.02,-0.02,-0.02,-0.02,-0.02,-0.02,-0.02,-0.02,-0.02,-0.02,-0.02,-0.02,-0.02,-0.02,-0.02,-0.02,-0.02,-0.02,-0.02,-0.02,-0.02,-0.02,-0.02,-0.02,-0.02,-0.02,-0.02,-0.02,-0.02,-0.02,-0.02,-0.02,-0.02,-0.02,-0.02,-0.02,-0.02,-0.02,-0.02,-0.02,-0.02,-0.02,-0.02,-0.02,-0.02,-0.02,-0.02,-0.02,-0.02,-0.02,-0.02,-0.02,-0.02,-0.02,-0.02,-0.02,-0.02,-0.02,-0.02,-0.02,-0.02,-0.02,-0.02,-0.02,-0.02,-0.02,-0.02,-0.02,-0.02,-0.02,-0.02,-0.02,-0.02,-0.02,-0.02,-0.02,-0.02,-0.02,-0.02,-0.02,-0.02,-0.02,-0.02,-0.02,-0.02,-0.02,-0.02,-0.02,-0.02,-0.02,-0.02,-0.02,-0.02,-0.02,-0.02,-0.02,-0.02,-0.02,-0.02,-0.02,-0.02,-0.02,-0.02,-0.02,-0.02,-0.02,-0.02,-0.02,-0.02,-0.02,-0.02,-0.02,-0.02,-0.02,-0.02,-0.02,-0.02,-0.02,-0.02,-0.02,-0.02,-0.02,-0.02,-0.02,-0.02,-0.02,-0.02,-0.02,-0.02,-0.02,-0.02,-0.02,-0.02,-0.02,-0.02,-0.02,-0.02,-0.02,-0.02,-0.02,-0.02,-0.02,-0.02,-0.02,-0.02,-0.02,-0.02,-0.02,-0.02,-0.02,-0.02,-0.02,-0.02,-0.02,-0.02,-0.02,-0.02,-0.02,-0.02,-0.02,-0.02,-0.02,-0.02,-0.02,-0.02,-0.02,-0.02,-0.02,-0.02,-0.02,-0.02,-0.02,-0.02,-0.02,-0.02,-0.02,-0.02,-0.02,-0.02,-0.02,-0.02,-0.02,-0.02,-0.02,-0.02,-0.02,-0.02,-0.02,-0.02,-0.02,-0.02,-0.02,-0.02,-0.02,-0.02,-0.02,-0.02,-0.02,-0.02,-0.02,-0.02,-0.02,-0.02,-0.02,-0.02,-0.02,-0.02,-0.02,-0.02,-0.02,-0.02,-0.02,-0.02,-0.02,-0.02,-0.02,-0.02,-0.02,-0.02,-0.02,-0.02,-0.02,-0.02,-0.02,-0.02,-0.02,-0.02,-0.02,-0.02,-0.02,-0.02,-0.02,-0.02,-0.02,-0.03,-0.03,-0.03,-0.02,-0.02,-0.02,-0.02,-0.02,-0.02,-0.02,-0.02,-0.02,-0.02,-0.02,-0.02,-0.02,-0.02,-0.02,-0.02,-0.02,-0.02,-0.02,-0.02,-0.02,-0.02,-0.02,-0.02,-0.02,-0.02,-0.02,-0.02,-0.02,-0.02,-0.02,-0.03,-0.03,-0.03,-0.03,-0.03,-0.02,-0.02,-0.02,-0.02,-0.02,-0.02,-0.02,-0.02,-0.02,-0.02,-0.02,-0.02,-0.02,-0.02,-0.02,-0.02,-0.02,-0.02,-0.02,0.091338,0.091389,0.09146,0.091685,0.091932,0.092283,-0.03,-0.02,0.094022,-0.02,-0.03,-0.03,-0.03,-0.03,-0.03,-0.03,0.093577,0.078385,0.078173,0.07801,0.077862,0.077737,0.077626,0.07758,0.077512,0.077495,0.077491,0.077558,0.077668,0.077815,0.077991,0.078268,0.0786,0.078975,0.079379,0.074973,0.075206,0.075732,0.076684,0.07855,0.079167,0.07885,-0.02,-0.02,0.062324,0.062114,0.061926,0.061732,0.061603,0.061478,0.061373,0.061295,0.061239,0.061221,0.061215,0.061227,0.061261,0.061287,0.061257,0.061207,0.060423,0.06065,0.061031,-0.02,-0.02,-0.02,-0.02
0.10803,0.10625,0,0,0.097695,0.09356,0,0,0,0,0,0,0,0,0,0,0,0,0,0,0,0,0,-0.02,0,0.1225,0.12245,0.12235,0.12208,0.12187,0.12164,0.12138,0.12108,0.12115,0.12191,0.12289,0.11988,-0.02,0.11265,0.10838,0.10353,0.097937,0,0,0,0,0,0,-0.02,0,-0.02,-0.02,-0.02,-0.02,-0.02,-0.02,-0.02,-0.02,-0.02,-0.02,-0.02,-0.02,0.11314,0.11179,0.11044,0.10909,0.10779,0.10666,0.10609,0.10675,0.10183,0.096686,0.090623,0.083409,-0.02,-0.02,-0.02,-0.02,-0.02,-0.02,-0.02,-0.02,-0.02,-0.02,-0.02,-0.02,-0.02,-0.02,-0.02,-0.02,-0.02,-0.02,-0.02,-0.02,-0.02,0.10092,0.098689,0.096755,0.094596,0.092518,-0.02,-0.02,-0.02,-0.02,-0.02,-0.02,-0.02,-0.02,-0.02,-0.02,-0.02,-0.02,-0.02,-0.02,-0.02,-0.02,-0.02,-0.02,-0.02,-0.02,-0.02,-0.02,-0.02,-0.02,-0.02,-0.02,-0.02,-0.02,-0.02,-0.02,-0.02,-0.02,-0.02,-0.02,-0.02,-0.02,-0.02,-0.02,-0.02,-0.02,-0.02,-0.02,-0.02,-0.02,-0.02,-0.02,-0.02,-0.02,-0.02,-0.02,-0.03,-0.03,0.10002,-0.02,-0.02,-0.02,-0.02,-0.02,-0.02,-0.02,-0.02,-0.02,-0.02,-0.02,-0.02,-0.02,-0.02,-0.02,-0.02,-0.02,-0.02,-0.02,-0.02,-0.02,-0.02,-0.02,-0.02,-0.03,-0.03,-0.03,-0.02,-0.02,0.093458,-0.02,-0.02,-0.02,-0.02,-0.02,-0.02,-0.02,-0.02,-0.02,-0.02,-0.02,-0.02,-0.02,-0.02,-0.02,-0.02,-0.02,-0.02,-0.02,-0.02,-0.02,-0.02,-0.02,-0.03,-0.03,-0.02,0.086539,-0.02,-0.02,-0.02,-0.02,-0.02,-0.02,-0.02,-0.02,-0.02,-0.02,-0.02,-0.02,-0.02,-0.02,-0.02,-0.02,-0.02,-0.02,-0.02,-0.02,-0.02,-0.02,-0.02,-0.02,-0.02,-0.02,-0.03,0.082045,-0.02,-0.02,-0.02,-0.02,-0.02,-0.02,-0.02,-0.02,-0.02,-0.02,-0.02,-0.02,-0.02,-0.02,-0.02,-0.02,-0.02,-0.02,-0.02,-0.02,-0.02,-0.02,-0.02,-0.02,-0.02,-0.02,-0.02,-0.02,-0.02,-0.02,-0.02,-0.02,-0.02,-0.02,-0.02,-0.02,-0.02,-0.02,-0.02,-0.02,-0.02,-0.02,-0.02,-0.02,-0.02,-0.02,-0.02,-0.02,-0.02,-0.02,-0.02,-0.02,-0.02,-0.02,-0.02,-0.02,-0.02,-0.02,-0.02,-0.02,-0.02,-0.02,-0.02,-0.02,-0.02,-0.02,-0.02,-0.02,-0.02,-0.02,-0.02,-0.02,-0.02,-0.02,-0.02,-0.02,-0.02,-0.02,-0.02,-0.02,-0.02,-0.02,-0.02,-0.02,-0.02,-0.02,-0.02,-0.02,-0.02,-0.02,-0.02,-0.02,-0.02,-0.02,-0.02,-0.02,-0.02,-0.02,-0.02,-0.02,-0.02,-0.02,-0.02,-0.02,-0.02,-0.02,-0.02,-0.02,-0.02,-0.02,-0.02,-0.02,-0.02,-0.02,-0.02,-0.02,-0.02,-0.02,-0.02,-0.02,-0.02,-0.02,-0.02,-0.02,-0.02,-0.02,-0.02,-0.02,-0.02,-0.02,-0.02,-0.02,-0.02,-0.02,-0.02,-0.02,-0.02,-0.02,-0.02,-0.02,-0.02,-0.02,-0.02,-0.02,-0.02,-0.02,-0.02,-0.02,-0.02,-0.02,-0.02,-0.02,-0.02,-0.02,-0.02,-0.02,-0.02,-0.02,-0.02,-0.02,-0.02,-0.02,-0.03,-0.03,-0.03,-0.03,-0.03,-0.02,-0.02,-0.02,-0.02,-0.02,-0.02,-0.02,-0.02,-0.02,-0.02,-0.02,-0.02,-0.02,-0.02,-0.02,-0.02,-0.02,-0.02,-0.02,-0.02,-0.02,-0.02,-0.02,-0.02,-0.02,-0.02,-0.02,-0.02,-0.02,-0.02,-0.02,-0.02,-0.03,-0.02,-0.03,-0.03,-0.03,-0.03,-0.02,-0.02,-0.02,-0.02,-0.02,-0.02,-0.02,0.092223,0.091963,0.091703,0.091443,0.091192,0.090939,0.090699,0.090454,0.090231,0.090018,0.089821,0.089636,0.08948,0.089342,0.08924,-0.02,-0.02,-0.02,0.089497,-0.02,-0.02,-0.02,-0.02,-0.03,-0.03,0.076999,0.076759,0.076505,0.076272,0.076051,0.075846,0.075644,0.075464,0.075295,0.075159,0.075031,0.074912,0.074842,0.074777,0.07476,0.074769,0.07483,0.074935,0.075101,0.07533,0.07564,0.076022,0.076502,-0.02,-0.02,0.059618,0.059297,-0.02,-0.02,0.058475,0.058248,0.058044,0.057882,0.057734,0.057615,0.05752,0.057455,0.057431,0.057433,0.057459,0.057514,0.057614,0.057737,0.057883,0.05806,0.058255,0.058459,-0.02,-0.02,-0.02
-0.03,-0.03,-0.02,-0.03,-0.03,0,0,-0.02,0,-0.02,0,-0.02,0,0,0,-0.02,0,0,-0.02,0,0,0,0,0,-0.03,-0.03,-0.03,-0.02,-0.03,0.12978,-0.02,0.13047,0.13265,0.13027,0.12748,0.12447,0.12106,0.11722,-0.02,0.1079,0.10225,0,0,0,0,0,0,0,0,0,-0.03,-0.03,-0.02,-0.03,-0.03,-0.02,-0.02,-0.02,-0.02,0.12306,0.12197,0.12086,0.11959,0.11836,0.11712,0.11613,0.11542,0.11692,0.11236,0.10725,0.10175,0.095062,0.087564,0,0,-0.03,-0.03,-0.03,-0.02,-0.02,-0.02,-0.02,-0.02,-0.02,-0.02,-0.02,-0.02,-0.02,-0.02,-0.02,-0.02,-0.02,-0.02,0.11122,0.10897,0.10668,0.10457,0.1024,0.10082,0.10036,-0.03,-0.03,-0.03,-0.03,-0.03,-0.03,-0.02,-0.02,-0.02,-0.02,-0.02,-0.02,-0.02,-0.02,-0.02,-0.02,-0.02,-0.02,-0.02,-0.02,-0.02,-0.02,-0.02,-0.02,0.10079,-0.03,-0.03,-0.03,-0.03,-0.03,-0.03,-0.02,-0.02,-0.02,-0.02,-0.02,-0.02,-0.02,-0.02,-0.02,-0.02,-0.02,-0.02,-0.02,-0.02,-0.02,-0.02,-0.02,-0.02,-0.02,-0.03,-0.03,-0.03,-0.03,-0.03,-0.03,-0.03,-0.02,-0.02,-0.02,-0.02,-0.02,-0.02,-0.02,-0.02,-0.02,-0.02,-0.02,-0.02,-0.02,-0.02,-0.02,-0.02,-0.02,-0.02,0.095861,-0.02,-0.02,-0.02,-0.03,-0.03,-0.03,-0.03,-0.03,-0.02,-0.02,-0.02,-0.02,-0.02,-0.02,-0.02,-0.02,-0.02,-0.02,-0.02,-0.02,-0.02,-0.02,-0.02,-0.02,-0.02,-0.02,-0.02,-0.02,0.089589,-0.02,-0.02,-0.03,-0.03,-0.03,-0.03,-0.03,-0.02,-0.02,-0.02,-0.02,-0.02,-0.02,-0.02,-0.02,-0.02,-0.02,-0.02,-0.02,-0.02,-0.02,-0.02,-0.02,-0.02,-0.02,-0.02,-0.02,-0.02,0.085557,-0.02,-0.02,-0.03,-0.03,-0.03,-0.02,-0.02,-0.02,-0.02,-0.02,-0.02,-0.02,-0.02,-0.02,-0.02,-0.02,-0.02,-0.02,-0.02,-0.02,-0.02,-0.02,-0.02,-0.02,-0.02,-0.02,-0.02,-0.02,-0.02,-0.02,-0.02,-0.02,-0.02,-0.02,-0.02,-0.02,-0.02,-0.02,-0.02,-0.02,-0.02,-0.02,-0.02,-0.02,-0.02,-0.02,-0.02,-0.02,-0.02,-0.02,-0.02,-0.02,-0.02,-0.02,-0.02,-0.02,-0.02,-0.02,-0.02,-0.02,-0.02,-0.02,-0.02,-0.02,-0.02,-0.02,-0.02,-0.02,-0.02,-0.02,-0.02,-0.02,-0.02,-0.02,-0.02,-0.02,-0.02,-0.02,-0.02,-0.02,-0.02,-0.02,-0.02,-0.02,-0.02,-0.02,-0.02,-0.02,-0.02,-0.02,-0.02,-0.02,-0.02,-0.02,-0.02,-0.02,-0.02,-0.02,-0.02,-0.02,-0.02,-0.02,-0.02,-0.02,-0.02,-0.02,-0.02,-0.02,-0.02,-0.02,-0.02,-0.02,-0.02,-0.02,-0.02,-0.02,-0.02,-0.02,-0.02,-0.02,-0.02,-0.02,-0.02,-0.02,-0.02,-0.02,-0.02,-0.02,-0.02,-0.02,-0.02,-0.02,-0.02,-0.02,-0.02,-0.02,-0.02,-0.02,-0.02,-0.02,-0.02,-0.02,-0.02,-0.02,-0.02,-0.02,-0.02,-0.02,-0.02,-0.02,-0.02,-0.02,-0.02,-0.02,-0.02,-0.02,-0.02,-0.02,-0.02,-0.02,-0.02,-0.02,-0.02,-0.02,-0.02,-0.02,-0.03,-0.03,-0.03,-0.03,-0.03,-0.03,-0.03,-0.03,-0.02,-0.02,-0.02,-0.02,-0.02,-0.02,-0.02,-0.02,-0.02,-0.02,-0.02,-0.02,-0.02,-0.02,-0.02,-0.02,-0.02,-0.02,-0.02,-0.02,-0.02,-0.02,-0.02,-0.02,-0.02,-0.02,-0.03,-0.02,-0.02,-0.03,-0.03,-0.03,-0.03,-0.03,-0.03,-0.03,-0.03,-0.03,-0.03,0.10442,0.10498,0.10569,0.092036,0.091809,0.09159,0.091375,0.091171,0.090969,0.090785,0.090617,0.090455,0.09028,0.090065,0.089853,0.089624,0.089428,0.089212,0.088998,0.0888,0.088592,0.088412,0.088302,0.088368,0.088557,0.088845,0.089249,-0.02,0.074812,0.074543,0.074307,0.074089,0.073876,0.073676,0.073513,0.073361,0.073218,0.073095,0.07299,0.072894,0.072823,0.072758,0.072704,0.072679,0.072661,0.07266,0.072688,0.072739,0.072817,-0.02,-0.02,0.073341,0.073628,0.054383,0.054009,0.053664,0.05335,0.053072,0.052818,0.052654,0.052503,0.052394,0.052329,0.052315,0.052322,0.05239,0.05248,0.052627,0.05279,0.052989,0.053222,0.053475,0.053749,0.054049,-0.02,-0.02,-0.02,0.055426
-0.03,-0.02,0,-0.03,0,0,0,0,0,0,0,0,0,0,0,-0.02,0,-0.03,0,0,0,0,0,0,0,0.13815,-0.02,-0.03,-0.03,0.14088,0.13911,0,0.13462,0.13197,0.1289,0.12548,0.12166,0.1173,0.11227,0,0,0,0,0,0,0,0,0,0,0,-0.02,-0.02,-0.02,-0.02,-0.02,-0.02,-0.02,-0.03,0.13095,0.13001,0.12895,0.12781,0.12669,0.12565,0.12494,0.12659,0.12245,0.11792,0.11281,0.10706,0.10039,0.092823,-0.02,0,0,-0.02,-0.02,-0.02,-0.02,-0.03,0,-0.02,0,-0.03,-0.03,-0.02,-0.02,-0.02,-0.02,-0.02,0.12398,0.12186,0.11962,0.11739,0.11503,0.11276,0.11089,0.11003,0.10678,0.10042,-0.02,-0.02,-0.02,-0.02,-0.03,-0.03,-0.03,-0.03,-0.02,-0.02,-0.02,-0.02,-0.02,-0.02,-0.02,-0.02,-0.02,-0.02,-0.02,-0.02,-0.02,-0.02,0.1129,0.10955,0.10633,-0.02,0.11595,-0.02,0.11637,-0.03,-0.03,-0.03,-0.03,-0.03,-0.02,-0.02,-0.02,-0.02,-0.02,-0.02,-0.02,-0.02,-0.02,-0.02,-0.02,-0.02,-0.02,-0.02,-0.02,-0.02,-0.02,-0.02,0.10792,-0.02,-0.02,-0.02,-0.03,-0.03,-0.03,-0.03,-0.02,-0.02,-0.02,-0.02,-0.02,-0.02,-0.02,-0.02,-0.02,-0.02,-0.02,-0.02,-0.02,-0.02,-0.02,0.099626,0.099901,-0.02,-0.02,0.10059,-0.02,-0.02,-0.02,-0.03,-0.03,-0.03,-0.02,-0.02,-0.02,-0.02,-0.02,-0.02,-0.02,-0.02,-0.02,-0.02,-0.02,-0.02,-0.02,-0.02,0.094087,0.09441,-0.02,0.093075,0.093321,-0.02,0.093701,-0.02,-0.02,-0.02,-0.02,-0.03,-0.02,-0.02,-0.02,-0.02,-0.02,-0.02,-0.02,-0.02,-0.02,-0.02,-0.02,-0.02,-0.02,-0.02,-0.02,-0.02,-0.02,0.088579,0.088829,0.089048,0.089238,-0.02,-0.02,0.089617,0.089677,0.089701,-0.02,-0.02,-0.02,-0.02,-0.02,-0.02,-0.02,-0.02,-0.02,-0.02,-0.02,-0.02,-0.02,-0.02,-0.02,-0.02,-0.02,-0.02,-0.02,-0.02,-0.02,-0.02,-0.02,-0.02,-0.02,-0.02,-0.02,-0.02,-0.02,-0.02,-0.02,-0.02,-0.02,-0.02,-0.02,-0.02,-0.02,-0.02,-0.02,-0.02,-0.02,-0.02,-0.02,-0.02,-0.02,-0.02,-0.02,-0.02,-0.02,-0.02,-0.02,-0.02,-0.02,-0.02,-0.02,-0.02,-0.02,-0.02,-0.02,-0.02,-0.02,-0.02,-0.02,-0.02,-0.02,-0.02,-0.02,-0.02,-0.02,-0.02,-0.02,-0.02,-0.02,-0.02,-0.02,-0.02,-0.02,-0.02,-0.02,-0.02,-0.02,-0.02,-0.02,-0.02,-0.02,-0.02,-0.02,-0.02,-0.02,-0.02,-0.02,-0.02,-0.02,-0.02,-0.02,-0.02,-0.02,-0.02,-0.02,-0.02,-0.02,-0.02,-0.02,-0.02,-0.02,-0.02,-0.02,-0.02,-0.02,-0.02,-0.02,-0.03,-0.02,-0.02,-0.02,-0.02,-0.02,-0.02,-0.02,-0.02,-0.02,-0.02,-0.02,-0.02,-0.02,-0.02,-0.02,-0.02,-0.02,-0.02,-0.02,-0.02,-0.02,-0.02,-0.02,-0.02,-0.02,-0.02,-0.02,-0.02,-0.02,-0.02,-0.02,-0.02,-0.02,-0.02,-0.02,-0.02,-0.02,-0.02,-0.02,-0.02,-0.02,-0.02,-0.02,-0.02,-0.02,-0.02,-0.02,-0.02,-0.02,-0.02,-0.02,-0.02,-0.02,-0.02,-0.02,-0.02,-0.02,-0.02,-0.02,-0.03,-0.03,-0.03,-0.02,-0.02,-0.02,-0.02,-0.02,-0.02,-0.02,-0.02,-0.02,-0.02,-0.02,-0.02,-0.02,-0.02,-0.02,-0.02,0.10489,0.10459,0.10429,0.10398,0.10367,0.10336,0.10306,0.10275,0.10244,-0.03,0.10181,-0.03,-0.03,-0.03,-0.03,-0.03,-0.02,-0.03,-0.03,-0.03,-0.03,-0.03,0.089546,0.089287,0.089045,0.088802,0.08857,0.088356,0.088147,0.087946,0.087762,0.087579,0.087421,0.087264,0.087119,0.086994,0.086884,0.086783,0.086703,0.086644,0.086618,0.086836,0.087159,0.087488,0.087843,0.087929,0.088035,0.071245,0.070947,0.070667,0.070425,0.070193,0.070002,0.069811,0.069676,0.069554,0.069463,0.069383,0.069342,0.069334,0.069332,0.069365,0.069427,0.069505,0.069609,-0.02,-0.02,0.070064,0.070281,0.070515,0.070762,0.070998,0.048161,-0.02,0.047096,0.046638,0.046211,0.04584,0.045534,0.045313,-0.02,0.044994,0.044952,0.044962,0.045049,0.045181,0.045396,0.045657,0.045998,0.046327,0.046728,-0.02,-0.02,0.048286,0.048949,0.049623,0.050305
-0.03,-0.03,-0.03,-0.03,-0.03,-0.03,-0.03,-0.03,0,-0.03,0.00012408,-0.02,0,0,0,0,0,0,0,0,0,0,0,0,0,0,-0.03,-0.03,-0.03,-0.03,-0.03,-0.03,-0.03,-0.03,0,0.12603,0.12162,0,0,-0.02,0,0,0,0,-0.02,0,0,0,0,-0.02,-0.02,-0.02,-0.02,-0.02,-0.02,-0.02,-0.03,-0.03,-0.03,-0.02,0,0.13547,0.13481,0.13608,0.13243,0.12826,0.1237,0.11861,0.11277,-0.02,0,0,0,0,0,-0.02,-0.02,-0.02,-0.02,-0.02,-0.02,-0.02,-0.02,-0.02,-0.02,-0.02,-0.02,-0.02,0.13519,0.13312,0.13096,0.12871,0.12641,0.12408,0.12177,0.11998,0.11871,0.11329,0.10712,0.099837,-0.02,-0.02,-0.02,-0.02,-0.02,-0.02,-0.02,-0.02,-0.02,-0.02,-0.02,0.17025,-0.02,-0.02,-0.02,-0.02,-0.02,-0.02,-0.02,-0.02,0.15771,0.15595,0.15351,0.15164,0.11215,-0.02,-0.02,-0.02,0.12092,0.12086,0.12101,-0.02,0.12111,0.12111,-0.02,-0.02,-0.02,-0.02,-0.02,-0.02,-0.02,-0.02,-0.02,-0.02,-0.02,-0.02,-0.02,-0.02,-0.02,-0.02,0.11152,-0.02,0.11209,-0.02,0.11262,-0.02,-0.02,-0.02,-0.02,-0.02,-0.02,-0.02,-0.02,-0.02,-0.02,-0.02,-0.02,-0.02,-0.02,-0.02,-0.02,-0.02,-0.02,-0.02,-0.02,-0.02,0.10381,-0.02,0.10437,-0.02,0.10484,-0.02,-0.02,0.10538,-0.02,-0.02,-0.02,-0.02,-0.02,-0.02,-0.02,-0.02,-0.02,-0.02,-0.02,-0.02,-0.02,-0.02,-0.02,-0.02,-0.02,0.098314,-0.02,-0.02,-0.02,-0.02,-0.02,0.099942,0.1001,0.10023,-0.02,0.10037,-0.02,-0.02,-0.02,-0.02,-0.02,-0.02,-0.02,-0.02,-0.02,-0.02,-0.02,-0.02,-0.02,0.09106,-0.02,0.091828,-0.02,0.092454,0.092753,-0.02,0.093249,0.093443,0.093599,0.093724,-0.02,-0.02,-0.02,0.093823,0.093746,-0.02,-0.02,-0.02,-0.02,-0.02,-0.02,-0.02,-0.02,-0.02,-0.02,-0.02,-0.02,-0.02,-0.02,-0.02,-0.02,-0.02,-0.02,-0.02,-0.02,-0.02,-0.02,-0.02,0.087698,-0.02,0.087585,0.087461,-0.02,-0.02,-0.02,-0.02,-0.02,-0.02,-0.02,-0.02,-0.02,-0.02,-0.02,-0.02,-0.02,-0.02,-0.02,-0.02,-0.02,-0.02,-0.02,-0.02,-0.02,-0.02,-0.02,-0.02,-0.02,-0.02,-0.02,-0.02,-0.02,-0.02,-0.02,-0.02,-0.02,-0.02,-0.02,-0.02,-0.02,-0.02,-0.02,-0.02,-0.02,-0.02,-0.02,-0.02,-0.02,-0.02,-0.02,-0.02,-0.02,0.08152,-0.02,-0.02,-0.02,-0.02,-0.02,-0.02,-0.02,-0.02,-0.02,-0.02,-0.02,-0.02,-0.02,-0.02,-0.02,-0.02,-0.02,-0.02,-0.02,-0.02,-0.02,-0.02,-0.02,-0.02,-0.02,-0.02,-0.02,-0.02,-0.02,-0.02,-0.02,-0.02,-0.02,-0.02,-0.02,-0.02,-0.02,-0.02,-0.02,-0.02,-0.02,-0.02,-0.02,-0.02,-0.02,-0.02,-0.02,-0.02,-0.02,-0.02,-0.02,-0.02,-0.02,-0.02,-0.02,-0.02,-0.02,-0.03,-0.03,-0.03,-0.02,-0.02,-0.02,-0.02,-0.02,-0.02,-0.02,-0.02,-0.02,-0.02,-0.02,-0.02,-0.02,-0.02,-0.02,-0.02,-0.02,-0.02,-0.02,-0.02,-0.02,-0.02,-0.02,-0.02,-0.02,-0.02,-0.02,-0.02,-0.02,-0.02,-0.02,-0.03,-0.02,-0.02,-0.02,-0.03,-0.03,-0.03,-0.03,0.11669,0.11695,0.11722,0.11751,0.11783,0.11819,0.11858,0.11902,0.10381,0.1035,0.1032,0.10288,0.10257,0.10226,0.10194,0.10163,0.10131,0.10097,0.10063,0.10029,0.099936,0.099572,0.099546,0.099805,0.10005,0.1003,0.10056,-0.03,-0.03,-0.03,-0.03,-0.03,-0.03,0.086688,0.086423,0.086163,0.085916,0.085696,0.085478,0.085288,0.085096,0.084922,0.084762,0.084622,0.084486,0.084351,0.084242,0.084135,0.084041,-0.02,-0.02,0.083823,0.083852,0.08413,0.084417,0.084732,0.085069,0.085406,0.066742,0.066404,0.066099,0.065821,0.065577,0.065383,0.065202,0.065085,0.064985,0.064912,0.064906,0.0649,0.064967,0.065047,-0.02,-0.02,-0.02,0.065635,0.065854,0.066093,0.066345,0.06662,0.066912,0.067216,0.067543,0.040132,0.039254,0.038403,0.037668,0.0369,-0.02,0.035788,0.035416,0.035178,0.03502,0.034968,0.035042,0.035224,0.035526,0.035936,-0.02,-0.02,-0.02,0.038446,0.039231,0.040067,0.040928,0.041813,0.042695,0.04359
-0.02,0,0,-0.02,0,-0.03,-0.03,-0.03,-0.03,-0.03,-0.03,-0.03,0,0.00029925,0,-0.03,-0.03,0,-0.02,-0.03,-0.03,-0.02,0,-0.02,-0.02,-0.03,0,0.14811,-0.02,0.14488,0.14278,0.14027,0.1374,-0.03,-0.03,-0.03,-0.03,0,0,0,0,0,-0.02,-0.02,0,0,0,0,0,-0.03,-0.02,-0.02,-0.02,-0.02,-0.02,-0.02,-0.03,-0.03,-0.03,-0.03,-0.03,0.14556,0.14222,0,0.13437,0.12977,0.12461,0.11876,-0.02,0,0,-0.02,-0.02,0,0,-0.02,-0.02,-0.02,-0.02,-0.02,-0.02,-0.02,-0.02,-0.02,-0.02,-0.02,-0.02,-0.02,-0.02,0.14097,0.13857,0.13614,0.13362,0.13144,0.13081,0.12591,0.1202,0.11391,0.10703,-0.02,-0.02,0.12811,-0.02,0.12921,0.12944,-0.02,0.12919,-0.02,-0.02,-0.02,-0.02,-0.02,-0.02,-0.02,-0.02,-0.02,-0.02,0.17014,0.16832,0.16644,0.16437,0.16224,0.15993,0.1594,0.15434,0.12448,-0.02,-0.02,0.12516,0.12535,0.12544,0.12636,0.12585,0.12587,0.12585,-0.02,0.12572,-0.02,-0.02,-0.02,-0.02,-0.02,-0.02,-0.02,-0.02,-0.02,-0.02,-0.02,0.15522,0.15267,-0.02,0.11616,-0.02,0.11682,0.11706,-0.02,-0.02,0.11742,0.11753,-0.02,-0.02,-0.02,-0.02,-0.02,-0.02,-0.02,-0.02,-0.02,-0.02,-0.02,-0.02,-0.02,-0.02,-0.02,-0.02,-0.02,-0.02,0.11023,-0.02,0.10894,0.10922,0.11152,0.11175,0.10986,0.10988,0.10981,-0.02,-0.02,-0.02,-0.02,-0.02,-0.02,-0.02,-0.02,-0.02,-0.02,-0.02,-0.02,-0.02,-0.02,0.10201,-0.02,0.10283,-0.02,-0.02,0.10385,0.10413,0.10438,-0.02,0.10476,0.10494,-0.02,0.1051,-0.02,-0.02,-0.02,-0.02,-0.02,-0.02,-0.02,-0.02,-0.02,-0.02,-0.02,-0.02,-0.02,-0.02,-0.02,-0.02,-0.02,-0.02,0.097276,-0.02,0.097799,-0.02,0.09816,0.098277,0.09835,-0.02,-0.02,-0.02,-0.02,-0.02,-0.02,-0.02,-0.02,-0.02,-0.02,-0.02,-0.02,-0.02,-0.02,-0.02,-0.02,-0.02,-0.02,-0.02,-0.02,-0.02,-0.02,0.091875,0.09203,0.09207,-0.02,0.092198,-0.02,-0.02,0.091996,0.09182,-0.02,0.091319,-0.02,-0.02,-0.02,-0.02,-0.02,-0.02,-0.02,-0.02,-0.02,-0.02,-0.02,-0.02,-0.02,-0.02,-0.02,-0.02,-0.02,-0.02,-0.02,-0.02,-0.02,-0.02,-0.02,-0.02,0.085851,0.085592,0.085272,-0.02,-0.02,-0.02,-0.02,-0.02,-0.02,-0.02,-0.02,-0.02,-0.02,-0.02,-0.02,-0.02,-0.02,-0.02,-0.02,-0.02,-0.02,-0.02,-0.02,-0.02,-0.02,-0.02,-0.02,-0.02,-0.03,-0.02,-0.02,-0.02,-0.02,-0.02,-0.02,-0.02,-0.02,-0.02,-0.02,-0.02,-0.02,-0.02,-0.02,-0.02,-0.02,-0.02,-0.02,-0.02,-0.02,-0.02,-0.02,-0.02,-0.02,-0.02,-0.02,-0.02,-0.02,-0.02,-0.02,-0.02,-0.02,-0.02,-0.02,-0.02,-0.02,-0.02,-0.02,-0.02,-0.02,-0.02,-0.02,-0.02,-0.02,-0.02,-0.02,-0.02,-0.02,-0.02,-0.02,-0.02,-0.02,-0.02,-0.02,-0.02,-0.02,-0.02,-0.03,-0.03,-0.03,-0.02,-0.02,-0.02,-0.02,-0.02,-0.02,-0.02,-0.02,-0.02,-0.02,-0.02,-0.02,-0.02,-0.02,-0.02,-0.02,-0.02,-0.02,-0.02,-0.02,-0.02,0.11558,0.11508,0.11455,0.11397,0.11337,-0.03,0.11319,-0.03,-0.03,-0.03,-0.03,-0.03,-0.03,-0.03,0.11482,-0.03,-0.03,0.11553,0.11583,0.11616,0.10151,0.10121,0.10092,0.10063,0.10033,0.10005,0.099762,0.099469,0.099174,0.098877,0.098563,0.098253,0.097922,0.097583,0.097215,0.097337,0.097557,0.097773,0.097986,0.098205,0.098434,0.098674,0.098935,0.099218,0.099527,0.083205,0.082922,0.082648,0.082433,0.082191,0.081993,0.081818,0.081675,0.081547,0.081433,0.081349,-0.02,-0.02,-0.02,0.081141,0.081112,0.081101,0.081084,0.081081,0.08108,0.081093,0.08136,0.081663,0.081969,0.082303,0.061687,0.061237,0.060815,0.060435,0.060117,0.059839,0.059614,0.059434,0.059328,0.059266,-0.02,-0.02,-0.02,-0.02,0.059729,0.059993,0.060318,0.060665,0.061044,0.06143,0.061853,0.062296,0.062743,0.063202,0.063671,0.031357,0.030878,-0.02,0.029903,0.029445,0.028972,0.028524,0.02809,0.027689,0.027328,-0.02,-0.02,-0.02,-0.02,0.026392,0.026377,0.026422,0.026516,0.026609,0.026742,0.027733,0.029485,0.031218,0.03289,0.03451
-0.02,0,0,-0.03,0,-0.03,-0.02,0,0,0,-0.03,-0.03,-0.03,-0.03,-0.03,0,0,-0.02,-0.03,-0.03,-0.03,-0.03,0,-0.02,0,0.15191,0.15096,0.14974,-0.02,-0.03,0,0.1411,0.13789,-0.02,-0.03,-0.03,-0.03,-0.03,-0.03,-0.03,-0.02,0,0,-0.03,0,0,-0.02,0,0,0,-0.02,0.15738,0.15738,-0.02,-0.02,-0.03,0.15604,-0.02,-0.02,0.15439,0.15145,0.14817,0.1445,-0.03,0.13583,0.13074,-0.02,-0.02,0,0,-0.02,0,-0.02,-0.02,0,-0.02,-0.02,-0.02,-0.02,-0.02,-0.02,-0.02,-0.02,0.19173,-0.02,-0.02,-0.02,-0.02,-0.02,-0.02,0.14684,0.14416,0.14191,0.13875,0.13346,0.12773,0.12138,0.11408,0.10569,-0.02,-0.02,-0.02,-0.02,-0.02,-0.02,0.13467,-0.02,-0.02,-0.02,-0.02,-0.02,-0.02,0.13316,-0.02,-0.02,-0.02,0.17975,0.17686,0.17496,0.17286,0.17061,0.16823,0.16571,0.12978,0.12603,-0.02,-0.02,-0.02,-0.02,-0.02,-0.02,-0.02,-0.02,0.13057,0.1306,0.13062,0.13059,-0.02,0.13041,0.13019,0.12995,-0.02,-0.02,-0.02,-0.02,-0.02,0.1664,0.16397,0.16135,0.15858,-0.02,0.12045,-0.02,-0.02,-0.02,-0.02,-0.02,-0.02,-0.02,0.12251,-0.02,0.12243,-0.02,-0.02,-0.02,-0.02,-0.02,-0.02,-0.02,-0.02,-0.02,-0.02,-0.02,-0.02,-0.02,-0.02,0.1124,-0.02,-0.02,0.1155,0.11582,0.1161,-0.02,-0.02,0.1167,-0.02,-0.02,-0.02,-0.02,-0.02,-0.02,-0.02,-0.02,-0.02,-0.02,-0.02,-0.02,-0.02,-0.02,-0.02,0.10644,-0.02,0.10739,-0.02,-0.02,0.10852,-0.02,0.10913,0.10937,-0.02,0.10973,0.10984,-0.02,-0.02,-0.02,0.10975,-0.02,-0.02,-0.02,-0.02,-0.02,-0.02,-0.02,-0.02,-0.02,-0.02,-0.02,-0.02,-0.02,-0.02,0.1017,-0.02,-0.02,-0.02,0.10288,-0.02,0.10325,0.10334,0.10339,-0.02,-0.02,-0.02,0.10305,-0.02,-0.02,-0.02,-0.02,-0.02,-0.02,-0.02,-0.02,-0.02,-0.02,-0.02,-0.02,-0.02,-0.02,-0.02,-0.02,0.096538,-0.02,-0.02,0.097131,-0.02,-0.02,-0.02,-0.02,-0.02,-0.02,-0.02,-0.02,-0.02,0.095615,-0.02,-0.02,-0.02,-0.02,-0.02,-0.02,-0.02,-0.02,-0.02,-0.02,-0.02,-0.02,-0.02,-0.02,-0.02,-0.02,-0.02,-0.02,-0.02,0.091624,-0.03,0.091302,0.091049,0.090739,0.090368,0.089818,-0.02,-0.02,-0.02,-0.02,-0.02,-0.02,-0.02,-0.02,-0.02,-0.02,-0.02,-0.02,-0.02,-0.02,-0.02,-0.02,-0.02,-0.03,-0.03,-0.02,-0.02,-0.02,-0.02,-0.02,-0.02,-0.02,-0.02,-0.02,-0.02,-0.02,-0.02,-0.02,-0.02,-0.02,-0.02,-0.02,-0.02,-0.02,-0.02,-0.02,-0.02,-0.02,-0.02,-0.02,-0.02,-0.02,-0.02,-0.02,-0.02,-0.02,-0.02,-0.02,-0.02,-0.02,-0.02,-0.02,-0.02,-0.02,-0.02,-0.02,-0.02,-0.02,-0.02,-0.02,-0.02,-0.02,-0.02,-0.02,-0.02,-0.02,-0.02,-0.02,-0.02,-0.02,-0.02,-0.02,-0.02,-0.02,-0.02,-0.02,-0.02,-0.02,-0.02,-0.02,-0.02,-0.02,-0.02,-0.02,-0.02,-0.03,-0.02,0.12826,0.12838,0.12851,0.12864,0.12879,0.12896,0.12915,0.12937,0.12961,0.12992,0.11533,0.11497,0.11457,0.11419,0.11377,0.11335,0.1129,0.11242,0.11192,0.11138,0.11079,0.11047,0.11082,0.11114,0.1114,0.11166,0.11189,-0.03,-0.03,-0.03,-0.03,-0.03,-0.02,0.11323,-0.03,0.098395,0.098105,0.097827,0.097551,0.097289,0.09704,0.096795,0.096548,0.096309,0.096065,-0.03,-0.03,0.095344,0.095091,0.094821,0.094523,0.094532,0.094819,0.095096,0.095375,0.095648,0.095923,0.096159,0.09643,0.096712,0.079282,0.078959,0.078668,0.078404,0.078175,0.077969,0.077804,0.077666,-0.02,-0.02,-0.02,0.077416,0.077407,0.077434,0.077478,0.077529,0.077622,0.077715,0.077812,0.077936,0.078058,0.07819,0.078322,0.0787,0.079082,0.0558,0.055191,0.054662,0.054188,0.053761,0.053407,0.053118,-0.02,-0.02,-0.02,0.052718,0.05281,0.052979,0.053207,0.05351,0.053878,0.054299,0.054774,0.055298,0.055852,0.056421,0.057055,0.057688,0.058331,0.058989,0.02851,0.026558,0.020988,0.015132,0.014077,0.013068,0.012133,0.011287,0.010563,0.0099644,0.0095271,0.0092399,0.0091272,0.0091862,0.0094164,0.0098106,0.010361,0.011055,0.011877,0.0128,0.01381,0.014918,0.015993,0.024084,0.025132
0,0,0,0,0,0,0,-0.03,-0.02,-0.02,0,-0.03,-0.03,0,-0.03,-0.03,-0.03,-0.02,0,0,-0.03,0,-0.03,-0.03,-0.04,0.15322,0.15226,0.15092,0.14922,0.1471,0,0,0,-0.03,-0.02,0,0,-0.03,-0.03,-0.03,-0.03,-0.03,-0.02,0,-0.02,-0.03,-0.03,-0.03,-0.03,-0.02,0.20628,0.20649,0.16619,0.16614,-0.02,0.16644,0.16493,0.16275,-0.02,0.15758,0.15435,0.15074,-0.03,-0.03,-0.03,0.13119,-0.03,0,0,0,-0.02,-0.02,0,0,0,0.19949,0.19993,0.20023,0.20042,0.20043,0.20032,-0.02,-0.02,0.19899,-0.02,-0.02,-0.02,-0.02,-0.02,0.19156,-0.02,0.1861,0.14735,-0.02,-0.02,0.12929,0.12191,0.11373,0,-0.02,-0.02,-0.02,-0.02,-0.02,-0.02,-0.02,0.14436,-0.02,0.14449,-0.02,-0.02,-0.02,-0.02,-0.02,0.13796,-0.02,-0.02,-0.02,-0.02,0.17895,0.17642,0.17364,0.17036,0.13732,0.12922,-0.02,-0.02,-0.02,-0.02,-0.02,-0.02,-0.02,-0.02,-0.02,-0.02,0.13595,0.13577,-0.02,0.13554,0.13557,-0.02,-0.02,-0.02,0.13405,0.17735,0.17499,0.1725,0.17012,0.16732,0.16427,0.12479,-0.02,0.12562,-0.02,-0.02,-0.02,-0.02,-0.02,-0.02,-0.02,-0.02,-0.02,0.12754,0.12747,-0.02,-0.02,-0.02,0.12658,0.12637,-0.02,-0.02,-0.02,-0.02,0.16679,0.16491,-0.02,0.11924,-0.02,-0.02,-0.02,-0.02,0.12136,-0.02,-0.02,-0.02,-0.02,-0.02,-0.02,0.12246,-0.02,-0.02,-0.02,-0.02,-0.02,-0.02,-0.02,-0.02,-0.02,-0.02,-0.02,-0.02,0.1117,-0.02,-0.02,-0.02,0.11367,0.11408,0.11443,-0.02,-0.02,-0.02,-0.02,0.11546,-0.02,0.11546,-0.02,0.1152,0.11495,-0.02,-0.02,-0.02,-0.02,-0.02,-0.02,-0.02,-0.02,-0.02,-0.02,-0.02,-0.02,-0.02,-0.02,-0.02,-0.02,0.10837,-0.02,0.10885,-0.02,0.10909,0.10911,0.10907,-0.02,0.10879,0.10855,-0.02,0.10785,-0.02,-0.02,-0.02,0.10557,-0.02,-0.02,0.098514,-0.02,-0.02,-0.02,-0.02,-0.02,-0.02,-0.02,0.10245,-0.02,0.10286,-0.02,-0.02,0.10321,0.10317,0.10307,-0.02,-0.02,-0.02,0.1019,0.1014,-0.02,-0.02,-0.02,-0.02,-0.02,-0.02,-0.02,-0.02,-0.02,-0.02,-0.02,-0.02,-0.02,-0.02,-0.02,-0.02,-0.02,-0.02,-0.02,0.09798,-0.02,0.097757,-0.02,0.097167,0.096585,-0.02,-0.02,-0.02,-0.02,-0.02,-0.02,-0.02,-0.02,-0.02,-0.02,-0.02,-0.02,-0.02,-0.02,-0.02,-0.02,-0.02,-0.02,-0.02,-0.02,-0.02,-0.02,-0.02,-0.02,0.092317,0.091793,-0.02,-0.02,-0.02,-0.02,-0.02,-0.02,-0.02,-0.02,-0.02,-0.02,-0.02,-0.02,-0.02,-0.02,-0.02,-0.02,-0.02,-0.02,-0.02,-0.02,-0.02,-0.02,-0.02,-0.02,-0.02,-0.02,-0.02,-0.02,-0.02,-0.02,-0.02,-0.02,-0.02,-0.02,-0.02,-0.02,-0.02,-0.02,-0.02,-0.02,-0.02,-0.02,-0.02,-0.02,-0.02,-0.02,-0.02,-0.02,-0.02,0.14325,0.14352,-0.02,-0.02,-0.02,-0.02,0.12573,0.12499,0.12416,0.12327,0.1226,0.12312,0.12355,-0.03,-0.03,-0.03,0.12472,-0.03,0.12515,-0.02,-0.03,0.12578,0.12601,0.12626,0.12653,0.12683,0.12714,0.11254,0.11217,0.1118,0.11142,0.11103,0.11062,0.1102,0.10976,0.10929,0.10878,0.10824,0.10766,-0.03,-0.03,-0.03,-0.03,-0.03,0.10851,0.10876,0.10901,0.10927,0.10954,0.10982,-0.03,-0.03,0.095031,0.094739,0.09446,0.094195,0.09394,0.09371,0.093478,-0.02,-0.02,0.092885,0.092691,0.092504,0.092318,0.092119,0.091911,0.091701,0.091466,0.091202,0.091334,0.091665,0.091989,0.092318,0.092646,0.092992,0.093343,0.074728,0.07434,0.07402,0.073727,0.073483,-0.02,-0.02,-0.02,0.072908,0.07287,0.072872,0.072916,0.072986,0.073094,0.073224,0.073393,0.073596,0.073774,0.074,0.074234,0.07447,0.07471,0.074939,0.075212,0.075452,0.048444,0.047627,0.04688,0.046189,-0.02,-0.02,0.044674,0.044358,0.044144,0.044063,0.044071,0.044202,0.044453,0.044809,0.045255,0.045827,0.046463,0.047186,0.047968,0.048827,0.049702,0.050624,0.051536,0.0525,0.053434,0.010036,0.0080117,0.0059645,0.0039337,0.0019615,8.6319e-05,-0.04,-0.04,-0.04,-0.04,-0.04,-0.04,-0.04,-0.04,-0.04,-0.04,-0.04,-0.04,-0.04,-0.02,0.0013266,0.0033024,-0.02,0.0074437,0.0095457
0,0,0,-0.02,0,0,0,0,0,0,-0.03,-0.02,-0.02,0,-0.03,-0.03,-0.03,-0.02,-0.03,-0.02,0,-0.03,-0.02,-0.03,-0.02,0,-0.02,0,0,0,0,0,0,0,0,-0.02,-0.03,0,-0.02,0,-0.02,-0.03,-0.03,-0.02,-0.02,-0.03,-0.03,0,-0.02,-0.02,0.17629,0.17591,0.17519,0.17414,-0.02,0.17105,0.169,0.16659,0.16381,-0.02,0.15705,-0.03,0.14866,0.14356,-0.03,0,-0.03,-0.03,-0.03,0,0,-0.02,-0.03,-0.03,0,0.20711,0.20746,0.20776,0.20786,0.20783,0.20763,0.20725,0.20672,0.20596,0.20498,0.2038,-0.02,-0.02,-0.02,0.19473,-0.03,0.19014,0.1876,0.14512,0.13827,0.13078,0,0,0,0,-0.02,-0.02,-0.02,-0.02,-0.02,-0.02,-0.02,0.20302,0.20266,0.20206,0.15003,-0.02,0.14344,0.14253,0.14222,0.14182,0.14133,-0.02,-0.02,-0.02,-0.02,0.16712,0.17288,0.16978,0.13339,-0.02,-0.02,-0.02,-0.02,-0.02,-0.02,-0.02,-0.02,-0.02,-0.02,-0.02,0.14139,0.1413,0.14114,0.14085,0.14062,-0.02,-0.02,-0.02,0.13881,0.13815,0.17896,0.17603,0.17286,0.16948,0.13222,0.13051,-0.02,0.13397,-0.02,-0.02,-0.02,-0.02,-0.02,-0.02,-0.02,-0.02,-0.02,-0.02,0.13302,0.13279,-0.02,-0.02,0.13171,-0.02,-0.02,0.12999,0.17629,0.17329,0.17049,-0.02,-0.02,0.1253,-0.02,0.12641,-0.02,-0.02,0.12785,-0.02,-0.02,-0.02,-0.02,-0.02,-0.02,-0.02,-0.02,0.12799,-0.02,-0.02,-0.02,-0.02,-0.02,-0.02,-0.02,-0.02,-0.02,-0.02,-0.02,0.11841,-0.02,-0.02,0.12007,0.12053,-0.02,0.12127,0.12155,0.12176,0.12191,-0.02,-0.02,-0.02,0.12177,-0.02,0.12106,-0.02,0.1201,-0.02,-0.02,-0.02,-0.02,-0.02,-0.02,-0.02,-0.02,-0.02,-0.02,-0.02,-0.02,-0.02,-0.02,0.11508,0.11535,0.11561,-0.02,-0.02,0.1159,-0.02,0.11564,-0.02,-0.02,0.11455,-0.02,-0.02,-0.02,-0.02,-0.02,-0.02,-0.02,-0.02,-0.02,0.10675,-0.02,-0.02,-0.02,-0.02,-0.02,-0.02,-0.02,0.11029,-0.02,-0.02,-0.02,0.11042,-0.02,-0.02,-0.02,0.1091,-0.02,0.10779,-0.02,-0.02,-0.02,-0.02,-0.02,-0.02,-0.02,-0.02,-0.02,-0.02,-0.02,0.104,-0.02,-0.02,-0.02,-0.02,-0.02,0.10616,-0.02,0.10603,-0.02,0.10524,-0.02,0.10462,0.10382,-0.02,-0.02,-0.02,-0.02,-0.02,-0.02,-0.02,-0.02,-0.02,-0.02,-0.02,-0.02,-0.02,-0.02,-0.02,-0.02,-0.02,-0.02,-0.02,-0.02,-0.02,0.10209,-0.02,-0.02,-0.02,-0.02,-0.02,-0.02,-0.02,-0.02,-0.02,-0.02,-0.02,-0.02,-0.02,-0.02,-0.02,-0.02,-0.02,-0.02,-0.02,-0.02,-0.02,-0.02,-0.02,-0.02,-0.02,-0.02,-0.02,-0.02,-0.02,-0.02,-0.02,-0.02,-0.02,-0.02,-0.02,-0.02,-0.02,-0.02,-0.02,0.13662,0.13691,0.13716,0.13739,0.13758,0.13776,0.13795,0.13812,0.13831,0.1385,0.13871,0.13895,0.1392,0.13949,0.13983,0.12569,0.12516,0.12461,0.12402,0.12339,0.12271,0.12197,0.12115,0.12025,0.11922,0.11947,0.11992,0.12032,0.12065,0.12094,-0.03,-0.03,-0.03,-0.03,0.12212,-0.03,0.1226,-0.03,0.12315,0.12346,0.10959,0.10924,0.1089,0.10856,0.10819,0.10783,0.10747,-0.03,-0.03,0.10626,0.1058,0.10531,0.10476,0.10417,0.10365,0.10406,0.10442,0.10475,0.10505,0.10535,0.10564,0.10592,0.10623,0.10654,0.10687,0.091272,0.090972,0.090674,0.090399,0.090186,-0.02,-0.02,0.089627,0.089474,0.08934,0.08923,0.089111,0.089014,0.08891,0.088808,0.088706,0.088586,0.088446,0.088287,0.088101,0.088113,0.088522,0.088921,0.089314,0.089715,0.069291,0.06888,0.068477,0.068134,0.067834,0.067605,0.067433,0.067314,0.067247,0.067267,0.067337,0.067432,0.067623,0.067844,0.068093,0.068407,0.068733,0.069098,0.069499,0.069898,0.070308,0.070719,0.071128,0.071548,0.071951,0.038945,0.037897,0.03742,0.036957,-0.02,0.036037,0.035613,0.035193,0.034786,0.034411,0.034058,0.033754,0.033452,0.033188,0.033355,0.034211,0.035231,0.036354,0.037643,0.038968,0.040416,0.041823,0.043292,0.044726,0.04618,-0.04,-0.04,-0.04,-0.04,-0.02,-0.04,-0.02,-0.04,-0.04,-0.04,-0.02,-0.04,-0.04,-0.04,-0.04,-0.04,-0.04,-0.04,-0.04,-0.04,-0.04,-0.04,-0.04,-0.02,-0.04
0,0,0,0,0,0,0,-0.02,0,0,0,0,-0.02,0,-0.02,0,0,-0.002,0,-0.03,0,0,-0.03,0,-0.03,0,0,0,0,0,0,0,0,0,0,0,-0.02,0,0,0,-0.03,-0.03,-0.03,-0.02,0,-0.03,-0.03,0,-0.03,-0.03,0.18153,0.18117,0.18042,0.17934,0.17784,0.17596,0.17368,-0.02,0.16775,0.16409,0.16005,0.15552,0.1504,0,-0.03,0,-0.03,-0.03,-0.02,0,-0.02,0,0,-0.03,-0.03,0.21451,0.21491,0.21513,0.21516,0.215,0.21465,0.21486,0.21407,0.21226,0.21092,-0.02,0.20655,0.20268,-0.02,-0.02,-0.03,0.19388,0.19126,-0.02,0.14126,-0.03,0,0,0,-0.03,-0.02,0.21082,0.2113,0.21161,0.21173,0.21167,0.21141,0.21099,0.21035,0.20956,0.20876,0.20756,-0.02,0.2044,-0.02,-0.02,0.14663,-0.02,0.14532,0.14448,0.18242,-0.02,0.14086,0.13877,0.16946,-0.02,-0.02,-0.02,-0.02,-0.02,-0.02,-0.02,-0.02,-0.02,-0.02,-0.02,0.20622,0.20503,-0.02,-0.02,0.14678,-0.02,0.14579,0.14521,0.14459,0.14378,0.14294,0.13746,0.13808,0.17502,-0.02,-0.02,-0.02,-0.02,-0.02,-0.02,-0.02,-0.02,-0.02,-0.02,-0.02,-0.02,-0.02,-0.02,-0.02,-0.02,0.13894,0.13849,0.19413,0.13738,0.13667,-0.02,0.13501,0.13405,0.17646,-0.02,0.13113,0.13191,-0.02,-0.02,0.13403,-0.02,0.13474,-0.02,-0.02,-0.02,-0.02,-0.02,-0.02,-0.02,-0.02,-0.02,-0.02,-0.02,0.13059,-0.02,-0.02,0.18474,0.18167,0.17844,-0.02,-0.02,-0.02,-0.02,-0.02,-0.02,-0.02,-0.02,0.12832,0.12878,-0.02,-0.02,0.1297,-0.02,-0.02,-0.02,-0.02,-0.02,-0.02,-0.02,-0.02,0.12695,-0.02,-0.02,-0.02,0.11529,0.11628,-0.02,0.11815,-0.02,-0.02,-0.02,-0.02,-0.02,-0.02,-0.02,-0.02,0.12373,0.12402,0.12421,0.12434,0.12433,0.12436,-0.02,-0.02,-0.02,0.12241,0.12136,-0.02,0.11937,-0.02,-0.02,-0.02,-0.02,-0.02,-0.02,0.11509,0.11598,0.11678,-0.02,0.11812,-0.02,-0.02,-0.02,0.11961,0.12014,-0.02,0.1201,-0.02,-0.02,-0.02,0.11855,0.11787,-0.02,-0.02,-0.02,-0.02,-0.02,-0.02,-0.02,-0.02,-0.02,-0.02,-0.02,-0.02,-0.02,-0.02,0.11504,-0.02,-0.02,0.11655,-0.02,-0.02,-0.02,-0.02,0.11636,-0.02,0.11523,0.11415,0.11305,-0.02,-0.02,-0.02,-0.02,-0.02,-0.02,-0.02,-0.02,-0.02,-0.02,-0.02,-0.02,-0.02,-0.02,-0.02,-0.02,-0.02,-0.02,0.11461,0.11458,-0.02,0.11403,-0.02,-0.02,0.16725,-0.02,-0.02,-0.02,-0.02,-0.02,-0.02,-0.02,-0.02,-0.02,-0.02,-0.02,-0.02,-0.02,-0.02,0.1499,0.15004,0.15017,0.15031,0.15047,0.15063,0.15082,0.15103,0.15129,0.15159,0.15194,-0.02,-0.02,0.13603,0.13507,0.13402,0.13284,0.13151,0.1307,0.13142,0.13201,0.13248,0.13286,0.13318,0.13345,0.13368,-0.03,0.13409,0.13428,0.13445,0.13466,0.13487,0.13509,0.13534,0.13562,0.13592,0.12314,0.12267,0.12217,0.12165,0.12109,0.1205,0.11985,0.11914,0.11838,0.11752,0.11657,0.11551,-0.03,-0.03,-0.03,0.11728,0.11759,0.11787,0.11813,0.11838,-0.03,-0.03,-0.03,0.11946,0.11977,0.10638,0.10605,0.10574,0.10543,0.10512,0.10483,0.10452,0.10419,0.10387,0.10353,0.10319,0.10281,0.10241,0.10197,0.10146,0.1009,0.10026,0.1007,0.10111,0.10149,0.10184,0.10219,0.10254,0.10289,0.10325,0.086893,0.086572,0.086274,0.086016,0.085782,0.08562,0.085469,0.085351,0.08527,0.085213,0.085178,0.085168,0.085186,0.085203,0.085231,0.085265,0.085282,0.085305,0.085308,0.085306,0.08528,0.085198,0.085099,0.085388,0.085885,0.062794,0.062225,0.061713,-0.02,0.060898,0.060605,0.060391,0.060266,0.060237,0.060278,0.060403,0.060621,0.060898,0.061259,0.061679,0.062168,0.0627,0.063263,0.063896,0.064532,0.065182,0.065825,0.066507,0.067159,0.067805,-0.02,-0.02,0.035435,0.034732,0.034028,0.033305,0.032587,0.031186,0.02917,0.027326,0.025801,0.024742,0.024326,0.024657,0.025666,0.027193,0.029115,0.02993,0.030156,0.030361,0.03053,0.030655,0.030862,0.033379,0.035813,-0.04,-0.04,-0.04,-0.04,-0.02,-0.04,-0.04,-0.04,-0.04,-0.04,-0.04,-0.04,-0.04,-0.04,-0.04,-0.04,-0.02,-0.04,-0.04,-0.04,-0.04,-0.04,-0.04,-0.04,-0.04
0,-0.02,0,-0.02,-0.02,0,0,0,0,-0.02,0,0,0,0,-0.03,0,-0.03,-0.03,-0.03,-0.03,-0.03,-0.02,0,0,-0.03,0,0,0,0,0,0,0,-0.02,-0.02,0,0,-0.02,0,0,-0.02,-0.02,0,-0.02,-0.03,-0.02,0,-0.03,-0.02,-0.03,-0.03,0.18832,0.18809,0.18731,0.18601,0.18419,0.18201,0.17923,0.1759,0.17225,0.1682,0.16374,0.15858,0,-0.02,0,-0.02,0,-0.02,0,-0.02,-0.02,-0.02,-0.03,0,-0.03,0.22144,0.2218,0.22196,0.22187,0.22149,0.22084,0.21987,0.21845,0.21363,0.21208,0.20988,0.2094,0.20665,0.20451,0.20313,0.15126,-0.03,0.19454,0.19138,0.14489,0,0,0,-0.02,-0.03,0.21854,0.21922,0.21972,0.22,0.22011,0.22,0.21964,0.21907,0.21829,0.21726,0.21599,0.21445,0.21267,0.21075,0.20861,0.20592,0.15206,0.1987,0.15055,0.14963,0.18549,0.14709,0.14545,0.14307,0.13945,-0.02,-0.02,-0.02,-0.02,-0.02,-0.02,-0.02,0.21823,0.21773,0.21698,0.21603,0.21486,0.21346,0.21183,0.20997,0.154,-0.02,-0.02,0.15201,0.15123,0.15026,0.14915,0.14372,0.14252,0.14226,-0.02,-0.02,-0.02,-0.02,-0.02,-0.02,-0.02,-0.02,-0.02,-0.02,-0.02,-0.02,-0.02,0.21307,0.2113,0.20931,0.20707,0.20474,0.14565,-0.02,0.14386,-0.02,-0.02,0.14055,0.13933,-0.02,-0.02,0.13994,-0.02,-0.02,-0.02,-0.02,-0.02,-0.02,-0.02,-0.02,-0.02,-0.02,-0.02,-0.02,-0.02,-0.02,-0.02,0.2148,0.20185,0.19923,0.19605,0.20195,0.18929,0.18567,-0.02,-0.02,-0.02,-0.02,0.13413,-0.02,-0.02,-0.02,-0.02,-0.02,-0.02,-0.02,-0.02,0.14018,-0.02,-0.02,-0.02,-0.02,-0.02,-0.02,0.13789,0.21131,0.20773,0.20395,-0.03,-0.02,-0.02,-0.02,0.12609,0.12812,0.12919,-0.02,-0.02,-0.02,-0.02,-0.02,-0.02,0.16239,0.1346,0.13594,-0.02,-0.02,0.1358,-0.02,-0.02,-0.02,-0.02,0.13254,0.21159,0.20739,-0.02,-0.02,-0.02,-0.02,-0.02,-0.02,-0.02,-0.02,0.12706,-0.02,-0.02,-0.02,-0.02,0.13133,-0.02,-0.02,-0.02,-0.02,-0.02,0.13222,-0.02,0.13111,-0.02,-0.02,0.21127,-0.02,-0.02,-0.02,-0.02,-0.02,-0.02,-0.02,-0.02,-0.02,-0.02,-0.02,-0.02,-0.02,-0.02,0.13039,0.13121,-0.02,0.13146,-0.02,-0.02,0.13149,0.13101,0.13201,0.13169,0.13146,-0.02,-0.02,-0.02,-0.02,-0.02,-0.02,-0.02,-0.02,-0.02,-0.02,-0.02,-0.02,-0.02,-0.02,-0.02,0.16157,0.16165,0.16174,0.16184,0.16197,0.16214,0.16235,0.16261,0.16294,0.1623,-0.02,-0.02,-0.02,-0.02,-0.02,0.14235,0.14277,0.14349,0.14407,0.14451,0.14488,0.14517,0.14541,0.14561,0.14579,0.14594,0.14608,0.14622,0.14637,0.14652,0.14669,0.14689,0.14712,0.14739,0.14771,0.13553,0.13483,0.13407,0.13324,0.13233,0.13134,0.13022,0.12896,0.12751,0.12724,0.12794,0.12849,0.12894,0.12931,0.12961,0.12988,0.13013,0.13035,0.13056,-0.03,0.13099,0.13121,0.13146,0.13172,0.13202,0.12035,0.11993,0.1195,0.11906,0.11859,0.1181,0.11756,0.117,0.11638,0.11571,0.11496,0.11411,0.11315,0.11205,0.11258,0.11307,0.1135,0.11386,0.1142,0.11452,0.11482,-0.03,-0.03,0.11573,-0.03,0.10267,0.10236,0.10208,0.10181,0.10155,0.10131,0.10108,0.10086,0.10065,0.10042,0.10019,0.099961,0.099706,0.099422,0.099105,0.098747,0.098308,0.097827,0.097259,0.097246,0.09774,0.098191,0.098627,0.099052,0.099466,0.081724,0.081345,0.081038,0.080755,0.080541,0.080371,0.080257,0.080186,0.080168,0.080197,0.080243,0.08036,0.080511,0.080667,0.080862,0.081074,0.081282,0.081494,0.081693,0.08188,0.082056,0.082204,0.082329,0.082434,0.082496,-0.02,0.054008,0.053308,0.052679,0.052187,0.051757,0.051496,0.051294,0.051226,0.051277,0.051451,0.051766,0.052181,0.052724,0.053368,0.054071,0.054879,0.055748,0.056685,0.057638,0.058611,0.05962,0.060621,0.061605,0.062596,0.030741,0.024925,0.016436,0.015021,0.013756,0.012445,0.011287,0.010257,0.0093845,0.0086987,0.0082124,0.0079193,0.0078609,0.0080249,0.0084071,0.0089974,0.0097774,0.010731,0.011911,0.013051,0.014371,0.015714,0.017097,0.024009,0.028721,-0.04,-0.04,-0.04,-0.04,-0.04,-0.04,-0.04,-0.04,-0.04,-0.04,-0.04,-0.04,-0.04,-0.04,-0.04,-0.04,-0.04,-0.04,-0.04,-0.04,-0.04,-0.04,-0.04,-0.04,-0.04
0,-0.02,-0.02,-0.02,-0.02,-0.02,0,0,-0.02,-0.02,-0.03,0,0,0,0,0,-0.03,-0.03,-0.03,0,-0.03,-0.02,0,0,-0.02,0,-0.02,0,-0.02,-0.02,0,-0.02,0,0,0,0,-0.02,-0.02,0,-0.02,0,-0.02,0,-0.02,0,-0.03,-0.02,-0.03,0,-0.02,0.22212,0.22216,0.22177,0.22133,0.2207,0.21966,0.22074,0.21807,0.17853,0.17368,0,-0.02,-0.02,0,0,0,-0.02,-0.02,0,0,0,0,0,-0.03,-0.03,0.22718,0.2273,0.2271,0.22652,0.22549,0.22368,0.22005,0.21438,0.21567,-0.02,0.2107,0.20966,0.20994,0.20622,-0.02,-0.02,0.19888,0.15117,0.14564,-0.02,0,-0.02,-0.03,0,-0.03,0.22689,0.22758,0.22807,0.22833,0.22835,0.22815,0.22767,0.22695,0.22593,0.22464,0.22302,0.22109,0.21886,0.21621,0.21309,0.2091,0.20314,0.19593,0.19339,-0.02,0.15374,0.1521,0.15015,0.14763,0.14359,0.22554,0.22656,0.22733,0.22787,0.22821,0.22835,0.22819,0.22777,0.22711,0.22618,0.22507,0.22368,0.22204,0.22016,0.21799,0.21556,0.21286,0.20982,0.16088,0.15974,0.15855,0.15741,0.15457,0.14522,0.14725,-0.02,-0.02,-0.02,-0.02,-0.02,-0.02,-0.02,-0.02,-0.02,0.23783,0.23691,0.23571,0.22421,0.2225,0.23044,0.22811,0.22551,0.22263,0.21052,0.2074,-0.02,0.1524,0.11937,0.1493,-0.02,-0.02,-0.02,-0.02,-0.02,-0.02,-0.02,-0.02,-0.02,-0.02,-0.02,-0.02,-0.02,-0.02,-0.02,0.23616,0.234,0.23154,0.22879,0.22577,0.2225,0.21895,0.21517,0.21116,0.19678,0.20247,0.13893,-0.02,-0.02,0.1432,-0.02,-0.02,-0.02,-0.02,-0.02,-0.02,-0.02,-0.02,0.1541,-0.02,-0.02,-0.02,0.23958,0.23681,0.23376,0.23041,0.22683,0.22298,0.21884,0.21462,0.21011,-0.02,-0.02,-0.02,-0.02,-0.02,-0.02,0.14244,-0.02,0.14484,-0.02,-0.02,-0.02,-0.02,-0.02,-0.02,-0.02,0.1542,-0.02,0.2242,-0.02,0.22666,0.22767,0.22852,0.22489,0.2199,-0.02,-0.02,-0.02,-0.02,-0.02,0.13529,-0.02,-0.02,-0.02,-0.02,0.14438,-0.02,0.1494,-0.02,-0.02,-0.02,-0.02,0.20206,0.202,0.2019,0.20334,0.20428,0.20561,0.20671,0.20767,-0.02,-0.02,-0.02,-0.02,-0.02,-0.02,-0.02,-0.02,-0.02,-0.02,-0.02,-0.02,-0.02,0.17899,0.17896,0.17892,0.17894,0.17888,0.17889,0.17889,0.17885,0.17876,0.17992,0.18239,0.18443,-0.02,-0.02,-0.02,-0.02,-0.02,-0.02,0.1588,0.15801,0.15737,0.1569,0.15652,0.15671,0.15685,0.15697,0.15707,0.15714,0.15721,0.15729,0.15737,0.15748,0.15761,0.15778,0.15802,0.15826,0.15757,0.14649,0.14543,0.14423,0.14291,0.1414,0.13968,0.13804,0.13818,0.13905,0.13972,0.14025,0.14067,0.14101,0.14128,0.14151,0.1417,0.14187,0.14204,0.14219,0.14234,0.1425,0.1427,0.14291,0.14316,0.14339,0.13317,0.13258,0.13194,0.13124,0.13049,0.12967,0.12876,0.12776,0.12662,0.12532,0.12383,0.12349,0.12419,0.12476,0.12521,0.12559,0.12592,0.12622,0.12648,0.12673,0.12698,0.12723,-0.03,0.12776,0.12804,0.11717,0.11681,0.11645,0.11608,0.11569,0.11531,0.1149,0.11447,0.114,0.11349,0.11293,0.11232,0.11162,0.11084,0.10992,0.10886,0.10887,0.10944,0.10992,0.11034,0.11074,0.11111,0.11146,0.11182,0.11219,0.098334,0.098051,0.097776,0.097536,0.097336,0.097154,0.097006,0.096864,0.096746,0.096642,0.096556,0.096451,0.096357,0.096241,0.096114,0.095965,0.09578,0.095548,0.095255,0.094898,0.094464,0.093915,0.094349,0.094906,0.095435,0.075498,0.075068,0.074703,0.074391,0.074124,0.073983,0.073869,0.073823,0.073899,0.073999,0.074179,0.074416,0.074695,0.075038,0.075413,0.075803,0.07626,0.076696,0.077128,0.077595,0.078027,0.078438,0.078822,0.079188,0.079511,0.045819,0.045322,0.044823,0.044335,0.043848,0.043365,0.042897,0.04245,0.041992,0.041564,0.041142,0.040737,0.040473,0.041201,0.042105,0.043137,0.044283,0.045593,0.046985,0.048411,0.049898,0.05139,0.052906,0.054383,0.055855,0.010856,0.0085202,0.0061391,0.0037638,0.0014577,-0.04,-0.04,-0.04,-0.04,-0.04,-0.04,-0.04,-0.04,-0.04,-0.04,-0.04,-0.04,-0.04,-0.04,8.4007e-05,0.0023221,0.0046741,0.0070709,0.0094711,0.011826,-0.04,-0.04,-0.04,-0.04,-0.04,-0.04,-0.04,-0.04,-0.04,-0.04,-0.04,-0.04,-0.04,-0.04,-0.04,-0.04,-0.04,-0.04,-0.04,-0.04,-0.04,-0.04,-0.04,-0.04,-0.04
-0.02,0,-0.02,0,0,0,0,-0.03,-0.03,-0.03,0,0,0,-0.02,0,0,0,-0.03,-0.03,-0.03,-0.03,-0.02,-0.02,-0.02,-0.03,0,-0.02,-0.02,0,-0.02,0,-0.02,-0.02,-0.02,-0.02,0,0,-0.02,0,0,-0.02,0,0,-0.03,-0.03,-0.03,0,-0.03,0,-0.02,0.2256,0.22529,0.22462,0.22412,0.22537,0.22286,0.15902,0.15696,0.15347,0.047817,0,0,0,-0.02,0,0,0,0,-0.02,0,0,0,-0.02,0,0,0.2287,0.22756,0.22469,0.22285,0.22216,0.21822,0.21666,0.21533,0.21396,0.2127,0.21259,0.21135,0.20979,0.20571,0.1639,0.16196,0.15974,0.15638,0.1513,0.14449,0,0,0,-0.02,-0.03,0.23489,0.23558,0.23603,0.23621,0.2361,0.23572,0.23506,0.23406,0.23274,0.23762,0.22887,0.22626,0.22308,0.219,0.21328,0.20285,0.19684,0.19454,0.19203,0.16041,0.15926,0.15731,0.15492,0.15205,0.14776,0.23466,0.23575,0.23658,0.23717,0.24645,0.2466,0.23736,0.23685,0.23608,0.23506,0.24283,0.24108,0.23905,0.22798,0.23391,0.22254,0.22731,0.21591,0.21187,0.20726,-0.02,0.17067,0.16117,0.14997,0.1496,-0.02,-0.02,0.24779,0.24889,0.24973,0.25028,0.25053,0.25048,0.25013,0.24945,0.24845,0.24713,0.24548,0.24351,0.2412,0.23857,0.23564,0.23236,0.22875,0.22485,0.21115,0.21609,0.20279,0.19794,0.20036,0.15816,-0.02,0.16187,-0.02,-0.02,-0.02,-0.02,-0.02,0.25599,0.25565,0.25499,0.25395,0.25257,0.25086,0.24881,0.24642,0.24367,0.24061,0.23723,0.23355,0.22955,0.22529,0.22074,0.21594,0.21091,0.1507,-0.02,-0.02,0.15714,-0.02,-0.02,-0.02,-0.02,-0.02,-0.02,-0.02,0.24269,0.24214,0.24162,0.2411,0.24086,0.2418,0.24298,0.244,0.24385,0.23973,0.23535,0.23073,0.22588,0.22079,-0.02,-0.02,0.14973,-0.02,-0.02,-0.02,-0.02,0.16251,0.16504,-0.02,-0.02,0.22171,0.22161,0.22104,0.22054,0.22003,0.21957,0.21934,0.22011,0.22142,0.2226,0.22361,0.22447,0.22515,0.22571,-0.02,-0.02,-0.02,-0.02,-0.02,-0.02,-0.02,0.1559,-0.02,0.19863,0.19851,0.19843,0.19841,0.19847,0.19839,0.19837,0.19836,0.11415,0.19835,0.19826,0.19902,0.20048,0.2018,0.20293,0.20394,-0.02,-0.02,-0.02,-0.02,-0.02,0.17756,0.17688,0.17637,0.17595,0.17562,0.17538,0.17522,0.17511,0.1751,0.17506,0.17507,0.17513,0.17519,0.17529,0.17532,0.17537,0.17539,0.17659,0.17918,0.18137,0.15551,0.15382,0.15438,0.15626,0.15827,0.15695,0.1557,0.15468,0.15386,0.15321,0.1527,0.15229,0.15219,0.15237,0.15249,0.15259,0.15267,0.15274,0.15281,0.15291,0.15301,0.15315,0.15333,0.15356,0.15365,0.14465,0.14375,0.14276,0.14166,0.14045,0.13907,0.13752,0.13571,0.13361,0.1342,0.13505,0.1357,0.13623,0.13662,0.13697,0.13724,0.13747,0.13767,0.13786,0.13804,0.13823,0.13841,0.13861,0.13885,0.13912,0.13049,0.12998,0.12946,0.1289,0.12828,0.12763,0.12692,0.12612,0.12524,0.12426,0.12315,0.12186,0.12037,0.11947,0.12023,0.12083,0.12133,0.12176,0.12212,0.12245,0.12276,0.12306,0.12335,0.12365,0.12397,0.11345,0.11313,0.11283,0.11253,0.11225,0.11196,0.11167,0.11137,0.11105,0.11071,0.11034,0.10994,0.10947,0.10894,0.10834,0.10763,0.10681,0.10584,0.10499,0.10565,0.10623,0.10674,0.10722,0.10766,0.10809,0.093234,0.092913,0.092654,0.092409,0.092248,0.09213,0.092044,0.091984,0.091978,0.091999,0.092037,0.092099,0.092181,0.092247,0.092332,0.092394,0.092439,0.092447,0.092425,0.092359,0.092227,0.09203,0.091752,0.091386,0.090916,0.068062,0.067496,0.066981,0.066584,0.066283,0.066076,0.065973,0.065967,0.066069,0.066258,0.066529,0.066897,0.067374,0.067908,0.068511,0.069173,0.069877,0.070593,0.071408,0.07209,0.072845,0.073582,0.07427,0.074948,0.075595,0.044463,0.043846,0.04324,0.042638,0.042042,0.041469,0.040921,0.040403,0.039919,0.039487,0.039093,0.038755,0.038465,0.038226,0.038037,0.037859,0.037703,0.037558,0.037414,0.037246,0.037677,0.040043,0.042303,0.044566,0.046773,-0.04,-0.04,-0.04,-0.04,-0.04,-0.04,-0.04,-0.04,-0.04,-0.04,-0.04,-0.04,-0.04,-0.04,-0.04,-0.04,-0.04,-0.04,-0.02,-0.04,-0.04,-0.04,-0.04,-0.04,-0.04,-0.03,-0.03,-0.03,-0.03,-0.03,-0.03,-0.03,-0.03,-0.03,-0.03,-0.03,-0.03,-0.03,-0.03,-0.03,-0.03,-0.03,-0.03,-0.04,-0.04,-0.04,-0.04,-0.04,-0.04,-0.04
0,-0.02,0,0,-0.02,0,0,-0.03,-0.03,-0.03,0,-0.02,-0.03,-0.03,-0.03,-0.03,-0.02,-0.03,0,-0.03,-0.03,-0.03,-0.03,-0.03,-0.03,0,0,0,-0.02,0,0,-0.02,-0.02,0,0,0,0,-0.02,-0.02,-0.02,-0.02,-0.03,-0.03,-0.03,-0.03,-0.03,-0.03,-0.02,0,-0.02,0.16932,0.16977,0.16979,0.1682,0.16922,0.16795,0.16604,0.16367,0.16103,0.15679,0.15312,-0.02,-0.02,-0.02,-0.02,-0.02,-0.02,-0.02,-0.02,-0.03,-0.03,-0.03,0,-0.03,-0.03,0.22104,-0.02,0.21563,0.21261,0.21172,0.17627,0.17557,0.17624,0.17591,0.1748,0.17422,0.17347,0.17241,0.17124,0.16965,0.16759,0.16517,0.16161,0.15654,0.15002,-0.02,-0.02,-0.02,-0.02,-0.02,0.24175,0.24239,0.25022,0.2503,0.25003,0.24182,0.24832,0.24681,0.23742,0.23501,0.23891,0.23442,0.2225,0.21945,0.1985,0.17728,0.16961,0.16562,0.16545,0.16605,0.16473,0.16255,0.15999,0.15676,0.15203,0.25279,0.25411,0.25513,0.25589,0.25634,0.25646,0.25625,0.25572,0.25484,0.25358,0.25196,0.24995,0.24755,0.2447,0.24139,0.23762,0.22467,0.2285,0.22275,0.21588,0.20713,0.18527,0.16397,0.15485,0.15259,0.25557,0.25736,0.25885,-0.03,0.26098,0.2616,0.26188,0.26185,0.26147,0.26074,0.25965,0.25821,0.25642,0.25425,0.25169,0.24877,0.24547,0.24176,0.23768,0.23321,0.22833,0.22302,0.21728,0.21097,0.20392,0.17482,0.26127,0.18426,0.26366,0.2629,0.26218,0.26148,0.26082,0.26016,0.25954,0.25895,0.25836,0.25826,0.25843,0.25914,0.25834,0.25545,0.25216,0.24849,0.24446,0.24008,0.23534,0.23025,0.22486,0.21911,-0.02,-0.02,-0.02,-0.02,0.24118,0.24101,0.24088,0.24048,0.23979,0.23911,0.2385,0.23789,0.23733,0.23679,0.23653,0.23678,0.23723,0.2384,0.23941,0.24023,0.24086,0.24131,0.24161,0.23714,0.23157,-0.02,-0.02,-0.02,-0.02,0.17116,0.21801,0.21781,0.21766,0.21752,0.21747,0.2174,0.21739,0.21731,0.21673,0.21619,0.21567,0.21523,0.21559,0.21594,0.21722,0.21837,0.21937,0.2202,0.22085,0.22134,-0.02,-0.02,0.19737,0.19662,0.19596,0.19548,0.19506,0.19474,0.19449,0.19432,0.19419,0.19416,0.19415,0.19418,0.1942,0.19426,0.19437,0.19441,0.19452,0.19489,-0.03,0.19654,0.1979,0.19906,0.20004,0.17415,0.1759,0.17765,0.17616,0.17495,0.17393,0.17312,0.17245,0.17194,0.17154,0.17126,0.17109,0.17096,0.17092,0.17093,0.17099,0.1711,0.17124,0.17138,0.17122,0.17173,0.17221,0.17362,0.17556,0.17789,0.15435,0.15295,0.15139,0.14963,0.14887,0.15106,0.15324,0.15179,0.15065,0.14974,0.14903,0.14853,0.14816,0.14792,0.14779,0.14784,0.14796,0.14805,0.14813,0.14824,0.14846,0.14868,0.14889,0.1491,0.15056,0.14248,0.14173,0.14092,0.14003,0.13904,0.13794,0.13674,0.13535,0.13377,0.13193,0.12976,0.12989,0.13076,0.13143,0.13198,0.1324,0.13276,0.13305,0.13329,0.13354,0.13375,0.13396,0.13418,0.13441,0.13468,0.12729,0.12689,0.12646,0.12601,0.12553,0.12505,0.12451,0.12391,0.12326,0.12253,0.12171,0.12079,0.11973,0.11849,0.11704,0.11533,0.11604,0.11673,0.1173,0.11779,0.11822,0.11861,0.11897,0.11932,0.11968,0.10908,0.1088,0.10855,0.10831,0.1081,0.10789,0.10771,0.10754,0.10736,0.10718,0.10699,0.10677,0.10653,0.10626,0.10592,0.10552,0.10504,0.10446,0.10375,0.10291,0.10189,0.10171,0.10241,0.10304,0.10361,0.087092,0.086749,0.086446,0.086236,0.086087,0.085994,0.085976,0.086017,0.086102,0.086259,0.086449,0.086677,0.086944,0.087241,0.087526,0.087836,0.088125,0.088408,0.088653,0.088872,0.089042,0.089148,0.089232,0.089221,0.089135,0.059241,0.058412,0.057693,0.057049,0.056581,0.056166,0.055998,0.055977,0.056106,0.056364,0.056758,0.057299,0.057941,0.058725,0.059586,0.06054,0.061582,0.062677,0.063797,0.06496,0.06613,0.067267,0.068391,0.069482,0.070516,0.03977,0.038938,0.038049,0.03711,0.036116,0.034285,0.031189,0.027657,0.022965,0.019142,0.018843,0.018689,0.01871,0.018864,0.019165,0.019605,0.024884,0.029112,0.032688,0.03342,0.034008,0.034482,0.034869,0.03515,0.03534,-0.04,-0.04,-0.04,-0.04,-0.04,-0.04,-0.04,-0.02,-0.04,-0.04,-0.04,-0.04,-0.04,-0.04,-0.04,-0.04,-0.04,-0.04,-0.04,-0.04,-0.04,-0.04,-0.02,-0.04,-0.04,-0.03,-0.03,-0.03,-0.03,-0.03,-0.03,-0.03,-0.03,-0.03,-0.03,-0.03,-0.03,-0.03,-0.03,-0.03,-0.03,-0.03,-0.03,-0.03,-0.03,-0.03,-0.03,-0.03,-0.04,-0.04
-0.02,-0.03,-0.02,-0.03,-0.03,-0.02,-0.03,-0.02,-0.03,-0.03,-0.03,-0.03,-0.03,-0.03,-0.03,-0.03,-0.03,-0.03,-0.03,-0.03,-0.03,-0.03,-0.03,-0.03,-0.03,-0.02,-0.02,-0.02,-0.03,-0.02,-0.02,-0.02,-0.03,-0.03,-0.02,-0.03,-0.03,-0.03,-0.03,-0.02,-0.03,-0.03,-0.03,-0.03,-0.03,-0.03,-0.03,-0.03,-0.03,-0.03,0.17531,0.17565,0.17572,0.1755,0.17498,0.17317,0.1716,0.17029,0.1673,0.16332,0.15973,0.15651,-0.02,-0.02,-0.02,-0.02,-0.02,-0.02,-0.02,-0.02,-0.02,-0.03,-0.03,-0.03,-0.03,0.18659,0.18678,0.18653,0.18581,0.18822,0.18666,0.18485,0.18105,0.18127,0.18097,0.18114,0.18026,0.17823,0.17696,0.17543,0.17336,0.17066,0.16687,0.16155,0.15516,0.14972,-0.02,-0.02,-0.02,-0.02,0.25491,0.25548,0.25569,0.2555,0.25488,0.25375,0.25211,0.24987,0.24687,0.24275,0.23638,0.2307,0.22066,0.2094,-0.02,0.18662,0.17867,0.17096,0.16887,0.16955,0.16938,0.16829,0.16543,0.16141,0.15597,0.26158,0.26294,-0.03,-0.03,0.26515,0.26521,0.26491,0.26423,0.26316,0.26168,0.25976,0.25738,0.25449,0.25107,0.24706,0.24247,0.23708,0.23052,0.22229,0.21326,0.19988,0.18491,0.17121,0.15925,0.1561,0.26543,0.26727,0.26881,0.27004,0.2709,0.27155,0.27182,0.27172,0.2713,0.27053,0.26939,0.26787,0.26595,0.26366,0.26094,0.25777,0.25417,0.25007,0.24547,0.24037,0.23473,0.22851,0.22165,0.21375,0.20417,0.25968,0.25947,0.25913,0.25833,0.25757,0.25682,0.2561,0.25542,0.25474,0.25408,0.25348,0.25335,0.25347,0.2536,0.25396,0.25488,0.25559,0.25609,0.25637,0.25378,0.24936,0.24439,0.2389,0.23296,0.22656,0.23733,0.23695,0.23663,0.23637,0.23616,0.23602,0.2359,0.23569,0.23497,0.23429,0.23363,0.23301,0.23244,0.23197,0.23219,0.23243,0.23267,0.23363,0.2346,0.23536,0.23591,0.23627,0.23644,0.23645,0.2363,0.21577,0.21506,0.21448,0.21398,0.21359,0.21326,0.21306,0.2129,0.2128,0.21276,0.21274,0.21279,0.21282,0.21237,0.2118,0.21129,0.21127,0.21165,0.21199,0.21277,0.21397,0.21496,0.21574,0.21633,0.21673,0.19607,0.19472,0.19357,0.1926,0.19181,0.19118,0.19068,0.19026,0.18998,0.18981,0.18971,0.18966,0.18964,0.18977,0.18998,0.18998,0.19014,0.19023,0.19056,0.19131,0.19176,0.19243,0.19382,0.19499,0.19598,0.16486,0.16665,0.16863,0.17068,0.17209,0.17067,0.16954,0.16865,0.16794,0.16741,0.16704,0.16678,0.16661,0.16661,0.16665,0.16672,0.16686,0.16703,0.16725,0.16749,0.16772,0.16876,0.17018,0.17152,0.17402,0.15278,0.15164,0.15038,0.14896,0.14736,0.14554,0.14343,0.14542,0.14814,0.14681,0.14574,0.14497,0.14437,0.14398,0.14374,0.14363,0.14367,0.14379,0.14395,0.14419,0.14447,0.14476,0.14509,0.14542,0.1472,0.13983,0.13922,0.13857,0.13786,0.13708,0.13623,0.13528,0.13421,0.13301,0.13164,0.13006,0.12824,0.12609,0.12527,0.12621,0.12695,0.12754,0.12801,0.1284,0.12873,0.12902,0.12929,0.12954,0.1298,0.13007,0.12353,0.1232,0.12286,0.12252,0.12218,0.12181,0.12144,0.12102,0.12056,0.12006,0.1195,0.11886,0.11813,0.11728,0.1163,0.11513,0.11377,0.11214,0.11162,0.11243,0.11311,0.11368,0.11419,0.11465,0.1151,0.10388,0.1036,0.10339,0.1032,0.10307,0.10296,0.10289,0.10284,0.1028,0.10279,0.10278,0.10275,0.10275,0.10269,0.10261,0.10248,0.1023,0.10204,0.10171,0.10127,0.10073,0.10003,0.099183,0.098125,0.098413,0.080428,0.079937,0.079524,0.079195,0.078952,0.078821,0.078734,0.078749,0.078873,0.07906,0.079399,0.07983,0.080314,0.08086,0.081423,0.082003,0.082595,0.083197,0.083773,0.084307,0.084826,0.085281,0.085673,0.086,0.086274,0.052164,0.050952,0.049842,0.049179,0.048766,0.048317,0.047812,0.047374,0.046954,0.046575,0.046887,0.047333,0.047966,0.048801,0.049794,0.050839,0.052088,0.053422,0.054866,0.056343,0.057878,0.059428,0.060985,0.062512,0.064005,0.03064,0.020683,0.017643,0.016183,0.014768,0.01342,0.012178,0.011079,0.010158,0.0094389,0.0089472,0.0086974,0.0086971,0.0089522,0.0094374,0.010157,0.01106,0.012131,0.013354,0.014697,0.016124,0.0176,0.019107,0.025715,0.029271,-0.03,-0.03,-0.03,-0.03,-0.03,-0.03,-0.03,-0.03,-0.04,-0.03,-0.03,-0.03,-0.04,-0.03,-0.03,-0.04,-0.04,-0.04,-0.04,-0.04,-0.04,-0.04,-0.04,-0.04,-0.04,-0.03,-0.03,-0.03,-0.03,-0.03,-0.03,-0.03,-0.03,-0.03,-0.03,-0.03,-0.03,-0.03,-0.03,-0.03,-0.03,-0.03,-0.03,-0.03,-0.03,-0.03,-0.03,-0.03,-0.03,-0.03
-0.02,-0.02,-0.02,-0.03,-0.03,-0.03,-0.03,-0.03,-0.03,-0.03,-0.03,-0.02,-0.03,-0.03,-0.03,-0.03,-0.03,-0.03,-0.03,-0.03,-0.03,-0.03,-0.03,-0.03,-0.03,-0.03,-0.03,-0.03,-0.02,-0.02,-0.02,-0.02,-0.02,-0.02,-0.02,-0.02,-0.02,-0.03,-0.03,-0.03,-0.03,-0.03,-0.03,-0.03,-0.03,-0.03,-0.03,-0.03,-0.03,-0.03,0.18161,0.18196,0.18203,0.18177,0.18123,0.17991,0.17834,0.17625,0.17337,0.16999,0.16599,0.16191,0.15913,-0.02,-0.02,-0.02,-0.02,-0.02,-0.02,-0.02,-0.03,-0.03,-0.03,-0.03,-0.03,0.19373,0.19914,0.19347,0.19272,0.19636,0.19465,0.19265,0.18719,0.18809,0.18604,0.18479,0.18507,0.18491,0.18405,0.18129,0.17897,0.17613,0.17209,0.16632,0.15976,0.15428,-0.02,-0.02,-0.02,-0.02,0.25794,0.25838,0.2582,0.25764,-0.03,0.25464,0.25216,0.24868,0.24414,0.23857,0.23256,0.22494,0.21671,0.19918,0.19988,0.19181,0.18456,0.17496,0.17317,0.17311,0.17292,0.17219,0.16996,0.1655,0.15949,0.26882,0.27015,0.27114,0.27179,0.27208,0.27197,0.27152,0.27061,0.2693,0.26749,0.26517,-0.03,0.25888,0.25481,0.25002,0.24437,0.23751,0.22932,0.22006,0.20908,0.19718,0.18542,0.17495,0.16632,0.16117,0.27309,0.27359,0.27281,0.27204,0.27129,0.27056,0.26983,0.26934,0.2693,0.26929,0.26922,-0.03,0.26961,-0.03,0.26716,0.26406,0.26036,0.25601,0.25101,0.24537,0.23895,0.23172,0.22308,0.21362,0.20228,0.25405,0.25382,0.25365,0.25283,0.25206,0.25129,0.25053,0.24983,0.24913,0.24847,0.24813,0.24823,0.24833,0.24843,0.2485,-0.03,0.24995,0.25031,0.25042,0.2503,0.24992,0.24925,0.24507,0.23907,0.23222,0.23214,0.23173,0.23134,0.23108,0.23088,0.23075,0.23066,0.23061,0.23005,0.22933,0.22864,0.22799,0.22739,0.22735,0.22756,0.22778,0.228,0.22856,0.22952,0.23023,0.23069,0.23092,0.23094,0.23076,0.23038,0.21135,0.2105,0.20977,0.20916,0.2087,0.20833,0.20807,0.20789,0.20781,0.20774,0.2078,0.20785,0.20795,0.20793,0.20733,0.20679,0.2071,0.20742,0.20776,0.2081,0.20932,0.2103,0.21104,0.21155,0.21186,0.18776,0.18964,0.19008,0.18879,0.18773,0.18689,0.18621,0.1857,0.18534,0.18506,0.18493,0.18488,0.18491,0.18497,0.18515,0.18534,0.18554,0.18578,0.1864,0.18749,0.18792,0.18838,0.18953,0.19073,0.19171,0.16074,0.15895,0.15806,0.16025,0.16259,0.16503,0.16657,0.16521,0.1642,0.1634,0.16283,0.16242,0.16217,0.16207,0.16207,0.16215,0.16235,0.1626,0.16285,0.16323,0.16349,0.16468,0.16627,0.16774,0.16977,0.15074,0.14982,0.14879,0.14765,0.14638,0.14495,0.14333,0.14147,0.13931,0.1394,0.14259,0.14198,0.14098,0.14028,0.13983,0.13955,0.13947,0.13951,0.13966,0.13992,0.14027,0.14061,0.14103,0.14143,0.14315,0.13663,0.13614,0.13564,0.13509,0.1345,0.13384,0.13312,0.13232,0.13143,0.1304,0.12924,0.1279,0.12635,0.12453,0.12238,0.12031,0.12141,0.12224,0.1229,0.12343,0.12387,0.12425,0.12459,0.1249,0.12522,0.11903,0.11875,0.1185,0.11826,0.11802,0.11781,0.11757,0.11733,0.11707,0.11678,0.11645,0.11607,0.11562,0.11509,0.11446,0.11371,0.11283,0.11178,0.1105,0.10896,0.10709,0.1079,0.10871,0.10941,0.11002,0.098394,0.098057,0.097778,0.097555,0.097374,0.097282,0.097208,0.097245,0.097286,0.097394,0.097532,0.097699,0.0979,0.098105,0.098291,0.098455,0.098572,0.098632,0.098636,0.098555,0.098387,0.098109,0.097727,0.0972,0.096529,0.074441,0.073719,0.073133,0.072717,0.072397,0.072172,0.072056,0.072069,0.072159,0.072384,0.072696,0.073106,0.073403,0.074002,0.074668,0.075395,0.076183,0.07698,0.077827,0.078657,0.07947,0.080267,0.081011,0.081702,0.082335,0.045735,0.045128,0.044722,0.044298,0.043884,0.043467,0.043074,0.042672,0.042304,0.041968,0.041625,0.04133,0.041056,0.040794,0.040553,0.041704,0.043093,0.044717,0.04603,0.047863,0.049796,0.051677,0.053595,0.055527,0.05742,0.012581,0.01018,0.0077183,0.0052546,0.0028543,0.00057143,-0.02,-0.04,-0.04,-0.04,-0.04,-0.04,-0.04,-0.04,-0.04,-0.04,-0.04,-0.04,0.00035491,0.0026101,0.0049983,0.0074622,0.0099426,0.012391,0.014758,-0.03,-0.03,-0.03,-0.03,-0.03,-0.03,-0.03,-0.03,-0.03,-0.03,-0.03,-0.03,-0.03,-0.03,-0.04,-0.04,-0.04,-0.04,-0.04,-0.03,-0.04,-0.02,-0.02,-0.04,-0.04,-0.03,-0.03,-0.03,-0.03,-0.03,-0.03,-0.03,-0.03,-0.03,-0.03,-0.03,-0.03,-0.03,-0.03,-0.03,-0.03,-0.03,-0.03,-0.03,-0.03,-0.03,-0.03,-0.03,-0.03,-0.03
-0.03,-0.03,-0.03,-0.03,-0.03,-0.03,-0.03,-0.03,-0.03,-0.03,-0.03,-0.03,-0.03,-0.03,-0.02,-0.03,-0.03,-0.03,-0.03,-0.03,-0.03,-0.03,-0.03,-0.03,-0.03,-0.02,-0.02,-0.02,-0.02,-0.02,-0.02,-0.02,-0.02,-0.02,-0.02,-0.03,-0.03,-0.03,-0.03,-0.03,-0.03,-0.03,-0.03,-0.03,-0.03,-0.03,-0.03,-0.03,-0.03,-0.03,0.18806,0.1884,0.18844,0.18816,0.18757,0.18661,-0.03,0.183,0.18027,0.17638,0.17229,0.16707,0.16403,0.16085,-0.02,-0.02,-0.02,-0.02,-0.02,-0.03,-0.03,-0.03,-0.03,-0.03,-0.03,0.19924,0.19936,0.1991,0.20451,0.20333,0.20164,-0.03,-0.03,0.19459,0.19207,0.19004,0.1888,0.18847,0.18761,0.18633,0.18469,0.18138,0.17716,0.17096,0.16391,0.15819,0.15279,-0.02,-0.02,-0.02,0.25766,0.25775,0.2573,0.25619,0.25448,-0.03,0.24865,-0.02,0.24056,0.23561,0.22979,0.22364,0.21722,-0.03,0.20341,0.19656,0.18996,0.18378,0.17918,0.17694,0.17676,0.17588,0.17438,0.16937,0.16279,0.27375,0.27491,0.27569,0.27611,0.27617,0.27581,0.27507,0.27385,0.27213,0.26989,0.26715,0.26387,0.25998,0.25536,0.2497,0.24296,0.2353,0.2272,0.21806,0.20805,0.19792,0.18784,0.17858,0.17056,0.16515,0.26786,0.26705,0.26624,0.26544,0.26464,0.26386,0.26324,0.26317,0.26309,0.263,0.26289,0.26273,0.26296,0.26324,-0.03,0.26274,-0.03,0.25786,0.25302,0.24715,0.24024,0.23207,0.22256,0.21215,0.20068,0.24811,0.24788,0.2477,0.24713,0.24631,0.24551,0.24474,0.24398,0.24324,0.24257,0.24262,0.24269,0.24276,0.24282,0.24285,0.24341,0.24393,0.24414,-0.03,0.24363,0.24285,0.24172,0.24025,0.23846,0.23479,0.22676,0.22626,0.22584,0.22553,0.2253,0.22515,0.22507,0.22504,0.22496,0.22417,0.22347,0.22278,0.22218,0.22236,0.22255,0.22276,0.22296,0.22321,0.22419,0.2248,0.22516,0.22524,0.22507,0.22464,0.22394,0.20709,0.20594,0.20501,0.20424,0.20364,0.20317,0.20283,0.20259,0.20247,0.20243,0.20245,0.20258,0.20271,0.2029,0.2027,0.20227,0.20255,0.20287,0.20321,0.20353,0.20442,0.20539,0.20609,0.20654,0.20674,0.17741,0.17951,0.18169,0.18396,0.18402,0.18281,0.18182,0.18108,0.18052,0.18014,0.17991,0.17981,0.17982,0.17992,0.18011,0.18034,0.18061,0.18094,0.18169,0.18314,0.18381,0.18424,0.185,0.18624,0.18722,0.15947,0.15801,0.15638,0.15453,0.15243,0.15319,0.1561,0.15902,0.16108,0.15978,0.15877,0.15813,0.15767,0.15741,0.15732,0.15735,0.15752,0.15779,0.15807,0.15847,0.1589,0.15997,0.16179,0.16344,0.16507,0.14817,0.14742,0.1466,0.1457,0.14469,0.14357,0.1423,0.14086,0.13923,0.13733,0.13515,0.133,0.13678,0.13726,0.13631,0.1357,0.13534,0.13521,0.13527,0.13545,0.13578,0.13618,0.13661,0.13713,0.13839,0.13261,0.13228,0.13194,0.13159,0.13118,0.13071,0.1302,0.12964,0.12899,0.12827,0.12744,0.12649,0.12537,0.12409,0.12257,0.12078,0.11864,0.11603,0.11629,0.11727,0.11803,0.11864,0.11916,0.1196,0.12,0.11397,0.11369,0.11344,0.11322,0.11303,0.11288,0.11275,0.11262,0.11253,0.11243,0.11237,0.11226,0.11213,0.11194,0.11163,0.11125,0.11074,0.11011,0.10933,0.10839,0.10722,0.10579,0.10404,0.10303,0.10403,0.092826,0.092353,0.092015,0.091763,0.091588,0.091477,0.091425,0.091456,0.091541,0.091687,0.09189,0.092128,0.092424,0.092729,0.093056,0.093418,0.093755,0.094073,0.09436,0.094595,0.094789,0.094898,0.094937,0.09489,0.094734,0.06908,0.068228,0.067465,0.066809,0.066243,0.065846,0.065544,0.065391,0.065356,0.06549,0.065705,0.066084,0.066564,0.067188,0.067895,0.068693,0.069575,0.07049,0.071468,0.072527,0.073583,0.074526,0.075557,0.076554,0.077477,0.040608,0.040091,0.039546,0.038999,0.038433,0.037886,0.037357,0.036842,0.036367,0.035959,0.035594,0.035322,0.035087,0.034953,0.034876,0.034813,0.034792,0.034768,0.036203,0.038609,0.041095,0.043598,0.046103,0.04805,0.050472,-0.03,-0.04,-0.04,-0.04,-0.04,-0.04,-0.04,-0.03,-0.04,-0.04,-0.04,-0.04,-0.04,-0.04,-0.04,-0.04,-0.04,-0.04,-0.04,-0.04,-0.04,-0.04,-0.04,-0.04,0.0034397,-0.03,-0.03,-0.03,-0.03,-0.03,-0.03,-0.03,-0.04,-0.04,-0.03,-0.03,-0.03,-0.03,-0.03,-0.03,-0.03,-0.03,-0.04,-0.04,-0.04,-0.02,-0.03,-0.03,-0.03,-0.04,-0.03,-0.03,-0.03,-0.03,-0.03,-0.03,-0.03,-0.03,-0.03,-0.03,-0.03,-0.03,-0.03,-0.03,-0.03,-0.03,-0.03,-0.03,-0.03,-0.03,-0.03,-0.03,-0.03,-0.03,-0.03
-0.03,-0.03,-0.03,-0.03,-0.03,-0.03,-0.03,-0.03,-0.03,-0.03,-0.03,-0.03,-0.03,-0.03,-0.03,-0.03,-0.03,-0.03,-0.03,-0.03,-0.03,-0.03,-0.03,-0.03,-0.03,-0.02,-0.02,-0.02,-0.02,-0.02,-0.02,-0.02,-0.02,-0.03,-0.03,-0.03,-0.03,-0.02,-0.03,-0.03,-0.03,-0.03,-0.03,-0.03,-0.03,-0.03,-0.03,-0.03,-0.03,-0.03,0.19436,0.19466,0.19471,0.19433,0.19375,0.19282,0.19175,0.18986,0.18712,-0.03,0.16281,0.17371,0.16842,0.165,-0.02,-0.02,-0.02,-0.02,-0.02,-0.03,-0.03,-0.03,-0.03,-0.03,-0.03,0.21053,0.21094,0.21084,0.21022,0.20913,0.20753,0.20547,0.20312,0.20042,-0.03,0.19547,-0.03,-0.03,0.19178,0.19049,0.18859,-0.03,0.18152,0.17543,0.1676,0.16138,0.15621,-0.02,-0.02,-0.02,0.25496,0.25493,0.25425,0.25301,0.25108,0.24868,0.24584,0.2426,0.2388,0.23454,0.22978,0.22465,0.21925,0.21348,0.20719,0.20095,0.19476,-0.03,0.18376,0.18084,0.1812,0.1791,0.17657,0.17241,0.16591,0.27548,0.27621,0.27617,0.27586,0.27551,0.27513,0.27435,0.27285,0.2709,0.26839,0.26541,0.26208,0.258,0.25291,-0.03,0.24054,0.23354,0.22584,-0.03,0.20901,0.20004,0.19098,0.18228,0.1745,0.16893,0.26095,0.26009,0.25922,0.25835,0.25748,0.25661,0.25649,0.25639,0.25626,0.25612,0.25593,0.25568,0.25576,0.25579,-0.03,0.25438,0.25275,0.25054,0.24761,0.24236,0.23843,0.23015,0.221,0.211,0.20015,0.2418,0.24155,0.24137,0.24114,0.24028,0.23942,0.23858,0.23775,0.23694,0.23655,0.2366,0.23665,0.2367,0.23673,0.23673,0.23709,0.23751,0.23753,0.23716,0.23633,0.23501,-0.03,0.23056,0.22693,0.22473,0.22118,0.22053,0.22002,0.21962,0.21934,0.21915,0.21906,0.21905,0.2191,0.2188,0.21799,0.21723,0.21673,0.21691,0.21711,0.2173,0.21749,0.21766,0.21846,0.21906,0.21931,0.21921,0.2188,0.21801,0.21689,0.20023,0.20153,0.20037,0.19929,0.19845,0.19779,0.19735,0.19695,0.19675,0.19669,0.19673,0.19683,0.19702,0.19728,0.19755,0.19734,0.19761,0.19793,0.19826,0.19859,0.19918,0.20021,0.2009,0.20126,0.20133,0.16485,0.16703,0.16971,0.17241,0.17518,0.17793,0.17781,0.17663,0.17573,0.17508,0.17466,0.17443,0.17434,0.17441,0.17458,0.17486,0.1752,0.1756,0.17619,0.17793,0.17932,0.17976,0.18021,0.18149,0.1825,0.15764,0.15645,0.15513,0.15363,0.15194,0.15001,0.14781,0.14533,0.14903,0.15266,0.15554,0.15426,0.15337,0.15274,0.15241,0.1523,0.15237,0.15257,0.1529,0.15331,0.15383,0.15439,0.15654,0.15849,0.16022,0.14439,0.14393,0.14342,0.14287,0.14228,0.14142,0.14046,0.13934,0.13809,0.13666,0.13499,0.13307,0.13082,0.12814,0.13073,0.13269,0.13173,0.13116,0.13088,0.1309,0.13108,0.13142,0.13188,0.13242,0.13298,0.12766,0.12734,0.12704,0.12674,0.12644,0.12614,0.12583,0.1255,0.12515,0.12476,0.12433,0.12383,0.12326,0.12246,0.12141,0.12017,0.11869,0.11692,0.11478,0.11216,0.11158,0.11204,0.11291,0.11362,0.11421,0.10864,0.10832,0.10805,0.10783,0.10767,0.10754,0.10744,0.10737,0.10733,0.10732,0.10732,0.10732,0.10731,0.10728,0.10723,0.10713,0.10697,0.10676,0.10644,0.10603,0.10549,0.10481,0.10389,0.10258,0.10095,0.08762,0.087079,0.086586,0.086207,0.085893,0.085667,0.085529,0.085486,0.085509,0.085633,0.085828,0.08609,0.08642,0.086805,0.087286,0.087789,0.088279,0.088788,0.089247,0.089719,0.090118,0.090459,0.090767,0.090951,0.091026,0.06307,0.062058,0.061109,0.0603,0.059598,0.059064,0.05868,0.058398,0.058312,0.058382,0.058604,0.059011,0.059543,0.060222,0.061017,0.06196,0.062975,0.064095,0.065228,0.066412,0.067626,0.068826,0.069996,0.071149,0.072238,-0.03,-0.03,-0.03,-0.03,0.030818,0.026572,0.020925,0.020332,0.019667,0.01924,0.019066,0.018882,0.018929,0.019264,0.019621,0.020096,0.020772,0.021562,0.025926,0.028256,0.028981,0.031069,0.035071,0.038684,0.042062,-0.04,-0.04,-0.04,-0.04,-0.04,-0.04,-0.03,-0.03,-0.03,-0.03,-0.03,-0.03,-0.03,-0.04,-0.04,-0.04,-0.04,-0.04,-0.04,-0.04,-0.04,-0.04,-0.04,-0.04,-0.04,-0.03,-0.03,-0.03,-0.03,-0.03,-0.03,-0.03,-0.03,-0.03,-0.03,-0.03,-0.03,-0.03,-0.03,-0.03,-0.03,-0.03,-0.03,-0.03,-0.03,-0.04,-0.04,-0.04,-0.04,-0.03,-0.03,-0.03,-0.03,-0.03,-0.03,-0.03,-0.03,-0.03,-0.03,-0.03,-0.03,-0.03,-0.03,-0.03,-0.03,-0.03,-0.03,-0.03,-0.03,-0.03,-0.03,-0.03,-0.03,-0.03,-0.03
-0.03,-0.03,-0.03,-0.03,-0.03,-0.03,-0.03,-0.03,-0.03,-0.03,-0.03,-0.03,-0.03,-0.03,-0.03,-0.03,-0.03,-0.03,-0.03,-0.03,-0.03,-0.03,-0.03,-0.03,-0.03,-0.02,-0.02,-0.02,-0.02,-0.02,-0.02,-0.03,-0.03,-0.03,-0.03,-0.03,-0.03,-0.03,-0.03,-0.03,-0.03,-0.03,-0.03,-0.03,-0.03,-0.03,-0.03,-0.03,-0.03,-0.03,0.20001,0.20029,0.20031,0.20004,0.19937,0.19915,0.19814,0.19635,0.19368,0.19005,0.18525,0.17887,0.17274,0.16872,-0.02,-0.02,-0.03,-0.03,-0.03,-0.03,-0.03,-0.03,-0.03,-0.03,-0.03,0.21514,0.21549,0.21538,0.21482,0.21384,0.21234,0.21055,0.20837,0.20579,0.20298,0.20031,0.19801,0.19653,0.1959,0.19461,-0.03,0.18986,0.18578,0.17956,0.17142,-0.03,0.15876,-0.02,-0.03,-0.03,0.2516,0.25155,0.25098,0.2499,0.24846,0.24665,0.24422,0.24145,0.23826,0.23463,0.23056,0.22626,0.22149,0.21633,0.21075,0.20496,0.19909,0.19326,0.18793,-0.03,0.18433,0.18279,0.1799,0.17549,0.16865,0.26789,0.26756,0.26724,0.26686,0.26643,0.26593,0.26532,0.26458,0.26396,0.26289,0.26048,0.25744,0.25351,0.24882,0.24379,0.23819,0.23201,0.22536,0.21821,0.21061,0.20262,0.1942,0.18594,0.17823,0.17252,0.25349,0.25252,0.25152,0.25049,0.24946,0.249,0.24888,0.24876,0.24863,0.24845,0.2482,0.24787,0.24788,0.2477,0.24675,0.24497,0.24231,0.23842,0.2351,-0.03,0.23419,0.22742,0.21935,0.21043,0.20078,0.23505,0.23476,0.23456,0.23443,0.23384,0.23287,0.2319,0.23093,0.22998,0.22977,0.22983,0.22991,0.22998,0.23,0.22998,0.23027,0.23062,0.23046,0.22971,0.2283,0.2261,0.22268,0.21894,0.21983,0.21999,0.21539,0.21453,0.21383,0.21328,0.21288,0.21264,0.21249,0.21248,0.21255,0.2127,0.21211,0.21123,0.21062,0.2108,0.21103,0.21126,0.21147,0.21166,0.21235,0.21297,0.21313,0.21284,0.21208,0.21083,0.20891,0.18859,0.19122,0.19377,0.19461,0.19331,0.19225,0.19145,0.19089,0.19052,0.19035,0.19032,0.19044,0.19067,0.19099,0.19137,0.19181,0.19212,0.19244,0.1928,0.19315,0.19353,0.19469,0.19541,0.19572,0.19566,0.16599,0.16684,0.16774,0.15733,0.16046,0.16434,0.16807,0.17166,0.17127,0.17007,0.16922,0.16867,0.16836,0.16829,0.1684,0.16866,0.16904,0.16952,0.17007,0.17177,0.17371,0.17484,0.1753,0.1764,0.17748,0.15407,0.15335,0.15256,0.15168,0.1507,0.14916,0.14742,0.14542,0.14306,0.14035,0.14096,0.14579,0.14977,0.14846,0.14755,0.14702,0.14678,0.14681,0.14704,0.14743,0.14796,0.14855,0.15007,0.15258,0.15474,0.13948,0.13904,0.13859,0.13811,0.13761,0.13706,0.13645,0.13578,0.13504,0.1342,0.13325,0.13217,0.13067,0.12867,0.12633,0.12353,0.12424,0.12809,0.12705,0.12644,0.12623,0.1263,0.12663,0.12711,0.12773,0.12246,0.12217,0.12188,0.12161,0.12135,0.1211,0.12086,0.1206,0.12034,0.12006,0.11974,0.11938,0.11896,0.11847,0.11789,0.1172,0.11638,0.11541,0.11424,0.11285,0.11079,0.10813,0.10722,0.10784,0.1075,0.10328,0.10289,0.10257,0.10229,0.10208,0.10192,0.10181,0.10175,0.10174,0.10178,0.10186,0.10197,0.10208,0.10219,0.10229,0.10235,0.10237,0.10234,0.10224,0.10204,0.10175,0.10133,0.10078,0.10007,0.099184,0.081985,0.081347,0.080815,0.080304,0.079946,0.079675,0.079496,0.07941,0.079434,0.079554,0.079765,0.080058,0.080444,0.080891,0.081394,0.081944,0.082528,0.083126,0.083729,0.084341,0.084922,0.08547,0.085966,0.086422,0.086807,0.056202,0.054917,0.053743,0.052708,0.051772,0.051026,0.050454,0.050079,0.049871,0.050014,0.050075,0.050491,0.051093,0.051905,0.052813,0.053934,0.055182,0.056525,0.057935,0.059379,0.060885,0.062393,0.063835,0.065217,0.066545,-0.03,-0.03,-0.03,-0.03,-0.03,-0.03,-0.03,0.010716,-0.03,0.0090252,0.0085673,-0.02,0.0085256,0.0089031,-0.02,0.010487,0.011624,0.013057,0.014403,0.015967,0.017611,0.019229,0.020869,0.022426,0.026774,-0.04,-0.04,-0.04,-0.04,-0.03,-0.03,-0.03,-0.03,-0.03,-0.03,-0.03,-0.03,-0.03,-0.03,-0.03,-0.04,-0.03,-0.03,-0.03,-0.04,-0.04,-0.04,-0.04,-0.04,-0.04,-0.03,-0.03,-0.03,-0.03,-0.03,-0.03,-0.03,-0.03,-0.03,-0.03,-0.03,-0.03,-0.03,-0.03,-0.03,-0.03,-0.03,-0.03,-0.03,-0.03,-0.03,-0.03,-0.03,-0.04,-0.04,-0.03,-0.03,-0.03,-0.03,-0.03,-0.03,-0.03,-0.03,-0.03,-0.03,-0.03,-0.03,-0.03,-0.03,-0.03,-0.03,-0.03,-0.03,-0.03,-0.03,-0.03,-0.03,-0.03,-0.03,-0.03
-0.03,-0.03,-0.03,-0.03,-0.03,-0.03,-0.03,-0.03,-0.03,-0.03,-0.03,-0.03,-0.03,-0.03,-0.03,-0.03,-0.02,-0.03,-0.03,-0.03,-0.03,-0.03,-0.03,-0.03,-0.03,-0.02,-0.02,-0.02,-0.03,-0.03,-0.03,-0.03,-0.03,-0.03,-0.03,-0.03,-0.03,-0.03,-0.03,-0.03,-0.03,-0.03,-0.03,-0.03,-0.03,-0.03,0,-0.03,-0.03,-0.03,0.20496,-0.03,0.20534,0.2055,0.20576,0.20493,0.20329,0.20155,0.19918,0.19584,0.19075,0.184,0.17697,0.1717,-0.02,-0.03,-0.03,-0.03,-0.03,-0.03,-0.03,-0.03,-0.03,-0.03,-0.03,0.21893,-0.03,0.21943,0.21889,0.21779,0.21636,0.21459,0.21251,0.2102,0.20751,0.20468,0.20203,0.2003,0.20002,0.19801,0.19589,0.19302,0.18903,0.18325,0.17458,0.16642,-0.02,-0.03,-0.03,-0.03,0.24886,0.24889,0.24851,-0.03,0.24637,0.24474,0.24271,0.24038,0.23757,0.23452,0.23106,0.2273,0.22325,0.21876,0.21375,0.20839,0.20276,0.19711,-0.03,0.18804,0.18719,-0.03,0.18233,0.17779,-0.03,0.26269,0.26199,0.26119,0.26027,0.2592,0.25801,-0.03,0.25512,0.2532,0.2527,0.25061,0.24709,0.24223,0.24214,0.23954,0.23503,0.22999,0.22445,0.21837,0.21179,0.20465,0.19703,0.18914,0.18163,0.1758,0.24807,0.24768,0.24727,0.24681,0.24632,0.24582,0.24527,0.24463,0.24392,0.24311,0.24217,0.24103,0.23964,0.23888,0.23721,0.23411,0.22971,0.22861,0.22858,0.2278,0.22631,0.22298,0.21692,0.20959,0.20134,0.22759,0.22721,0.22695,0.22684,0.22677,0.22552,0.22868,0.2283,0.22791,0.22759,0.22724,0.22685,0.22639,0.22586,0.22524,0.22448,0.22325,0.22293,0.22171,0.21915,0.21527,0.21349,0.21404,0.2137,0.21258,0.20958,0.20828,0.20715,0.20625,0.20558,0.20511,0.20485,0.20481,0.20491,0.20515,0.2055,0.20427,0.2091,0.20897,0.20881,0.20862,0.20837,0.20807,0.20559,0.20645,0.20662,0.20612,0.20494,0.20275,0.19941,0.1877,0.18835,0.18912,0.18309,0.18672,0.1868,0.18532,0.18419,0.18339,0.18288,0.18266,0.18268,0.18291,0.18331,0.18385,0.1845,0.1856,0.18599,0.18642,0.18688,0.18733,0.18868,0.18958,0.18991,0.18974,0.16111,0.16147,0.16201,0.16265,0.16373,0.16486,0.16603,0.16732,0.15973,0.16438,0.16387,0.16251,0.16159,0.16106,0.16087,0.1701,0.17038,0.17068,0.17101,0.17139,0.16652,0.16887,0.16974,0.17079,0.17213,0.14922,0.14857,0.14786,0.14708,0.14622,0.14527,0.1442,0.143,0.14163,0.14093,0.14235,0.14415,0.14604,0.13774,0.14269,0.14186,0.14079,0.14021,0.13998,0.1507,0.15117,0.15169,0.15224,0.1531,0.14769,0.13442,0.13402,0.13361,0.13319,0.13275,0.13227,0.13176,0.13121,0.1306,0.1299,0.12912,0.12822,0.1272,0.12603,0.12467,0.12307,0.12327,0.12552,0.1165,0.12176,0.12175,0.12101,0.12067,0.132,0.13269,0.11683,0.11653,0.11627,0.11603,0.11582,0.11564,0.11549,0.11536,0.11522,0.11504,0.11484,0.11461,0.11434,0.11401,0.1136,0.11312,0.11252,0.11179,0.11092,0.10987,0.10862,0.10711,0.10658,0.10306,0.10171,0.097596,0.097178,0.096802,0.096491,0.096247,0.096058,0.095942,0.095887,0.095889,0.095941,0.096045,0.096194,0.096373,0.096576,0.096789,0.097005,0.097221,0.097412,0.097571,0.097642,0.097576,0.097407,0.097115,0.096686,0.096101,0.075837,0.075066,0.074395,0.07384,0.073366,0.073013,0.072792,0.072682,0.072678,0.072792,0.073038,0.073373,0.073812,0.074354,0.074946,0.075611,0.07633,0.07705,0.077802,0.078545,0.07926,0.079964,0.080591,0.081176,0.081685,-0.03,-0.03,-0.03,-0.03,-0.03,-0.03,-0.03,-0.02,0.038883,0.038715,0.038808,0.039245,0.039947,0.040927,0.04217,0.043621,0.045235,0.047004,0.048884,0.050814,0.052781,0.054715,0.056597,0.058434,0.060145,-0.03,-0.03,-0.03,-0.03,0.0017928,-0.04,-0.04,-0.04,-0.04,-0.04,-0.04,-0.04,-0.04,-0.03,-0.04,-0.04,-0.04,-0.04,0.00156,0.0042174,0.0069609,0.0098821,0.012428,0.015033,0.017479,-0.03,-0.03,-0.03,-0.03,-0.03,-0.03,-0.03,-0.03,-0.03,-0.03,-0.03,-0.03,-0.03,-0.03,-0.03,-0.03,-0.03,-0.03,-0.03,-0.04,-0.03,-0.04,-0.03,-0.04,-0.02,-0.03,-0.03,-0.03,-0.03,-0.03,-0.03,-0.03,-0.03,-0.03,-0.03,-0.03,-0.03,-0.03,-0.03,-0.03,-0.03,-0.03,-0.03,-0.03,-0.03,-0.03,-0.03,-0.03,-0.03,-0.03,-0.03,-0.03,-0.03,-0.03,-0.03,-0.03,-0.03,-0.03,-0.03,-0.03,-0.03,-0.03,-0.03,-0.03,-0.03,-0.03,-0.03,-0.03,-0.03,-0.03,-0.03,-0.03,-0.03,-0.03,-0.03
-0.03,-0.03,-0.03,-0.03,-0.03,-0.03,-0.03,-0.03,-0.03,-0.03,-0.03,-0.03,-0.03,-0.03,-0.03,-0.03,-0.03,-0.03,-0.03,-0.03,-0.03,-0.03,-0.03,-0.03,-0.03,-0.02,-0.03,-0.03,-0.03,-0.03,-0.03,-0.03,-0.03,-0.03,-0.03,-0.03,-0.03,-0.03,-0.03,-0.03,-0.03,-0.03,-0.03,-0.03,-0.03,-0.03,-0.03,-0.03,-0.03,-0.03,0.20988,-0.03,0.20953,0.20921,0.20876,0.20795,0.20687,0.20536,0.20339,0.20068,0.19625,0.1898,0.18158,0.17446,-0.03,0.18835,0.21267,-0.03,-0.03,-0.03,-0.03,-0.03,-0.03,-0.03,-0.03,0.22174,0.22203,-0.02,0.22144,0.22072,0.21925,0.21757,-0.03,0.21338,0.21088,0.20822,0.20549,0.20322,0.20205,0.20095,0.19903,0.19624,0.19167,0.18559,0.17687,-0.03,0.19589,-0.03,-0.03,-0.03,0.24604,0.24588,0.24546,0.24466,0.2436,0.24213,0.24031,0.23825,-0.03,0.23326,0.23025,0.22709,0.22359,0.21958,0.21518,0.21042,0.20539,0.20001,0.19481,0.19088,0.19026,0.18802,0.18483,0.18,0.172,0.25218,0.25133,0.25027,0.24911,0.2479,0.24633,0.24434,0.24213,0.23902,0.2377,-0.03,0.2339,0.23378,0.23295,0.23171,0.22955,0.22599,0.22182,0.21705,0.21159,0.20549,0.1987,0.1916,0.1844,0.17863,0.23969,0.2394,0.23904,0.23861,0.23808,0.23745,0.23672,0.23589,0.23487,0.23359,0.23186,0.23055,0.22812,0.22489,0.22692,0.22244,0.22128,0.22103,0.21966,0.21792,0.21587,0.21352,0.21097,0.20696,0.20055,0.22325,0.22302,0.22277,0.2225,0.22219,0.22191,0.22164,0.22132,0.22096,0.22054,0.22006,0.2195,0.21885,0.21809,0.21716,0.21575,0.21375,0.21176,0.21298,0.20898,0.20712,0.20751,0.20679,0.2051,0.2029,0.20505,0.20496,0.2048,0.20458,0.2044,0.20423,0.20407,0.20393,0.20379,0.20365,0.20349,0.2033,0.20307,0.20284,0.20257,0.20224,0.20184,0.20136,0.2007,0.19971,0.19831,0.19917,0.19725,0.19384,0.19218,0.18168,0.18207,0.18278,0.18351,0.18421,0.18484,0.18523,0.18519,0.18502,0.18492,0.18488,0.18489,0.18494,0.18498,0.18504,0.1851,0.18513,0.18514,0.18506,0.18494,0.18476,0.18445,0.18391,0.1838,0.18367,0.15641,0.1567,0.1572,0.1578,0.15849,0.15928,0.16013,0.16104,0.16214,0.16345,0.16468,0.16555,0.16564,0.16564,0.16573,0.16589,0.16612,0.16637,0.16666,0.16694,0.1673,0.1677,0.16794,0.16802,0.16801,0.14435,0.14377,0.14313,0.14244,0.14169,0.14085,0.13992,0.13888,0.13771,0.13639,0.13734,0.13878,0.14023,0.14173,0.14324,0.14512,0.14637,0.14673,0.14694,0.14727,0.14768,0.14815,0.14865,0.14916,0.1499,0.12862,0.12834,0.12807,0.1278,0.12755,0.12728,0.12692,0.12648,0.12597,0.12542,0.12479,0.12407,0.12324,0.12228,0.12117,0.11988,0.11837,0.12043,0.12248,0.12453,0.1265,0.12798,0.12893,0.12942,0.12998,0.11102,0.1107,0.11041,0.11017,0.10995,0.10977,0.10962,0.10951,0.10942,0.10934,0.10928,0.10923,0.10915,0.10908,0.10898,0.10873,0.10834,0.10785,0.10721,0.10644,0.10548,0.10433,0.10295,0.10434,0.10682,0.091578,0.091073,0.090642,0.090289,0.090002,0.089794,0.089663,0.089598,0.089629,0.089705,0.089857,0.090055,0.090298,0.090581,0.09087,0.091188,0.091503,0.091783,0.092053,0.092284,0.092457,0.092566,0.092604,0.092564,0.092446,0.068939,0.068014,0.067181,0.066481,0.065879,0.065437,0.065105,0.064926,0.064912,0.065009,0.065306,0.065688,0.066248,0.066901,0.067628,0.068481,0.069356,0.070304,0.071255,0.072221,0.073141,0.074047,0.074894,0.075663,0.076355,-0.03,-0.03,-0.03,-0.03,-0.03,-0.03,-0.03,-0.03,-0.03,-0.03,-0.03,0.027876,0.027746,0.027757,0.027874,0.028003,0.029471,0.032656,0.035734,0.038822,0.04182,0.044716,0.047472,0.050065,0.05248,-0.04,-0.04,-0.04,-0.04,-0.04,-0.04,-0.04,-0.04,-0.04,-0.04,-0.04,-0.04,-0.04,-0.04,-0.03,-0.04,-0.03,-0.03,-0.04,-0.04,-0.04,-0.04,-0.04,0.0032209,0.0074054,-0.03,-0.03,-0.03,-0.03,-0.03,-0.03,-0.03,-0.03,-0.03,-0.03,-0.03,-0.03,-0.03,-0.03,-0.03,-0.03,-0.03,-0.03,-0.03,-0.03,-0.03,-0.03,-0.04,-0.03,-0.04,-0.03,-0.03,-0.03,-0.03,-0.03,-0.03,-0.03,-0.03,-0.03,-0.03,-0.03,-0.03,-0.03,-0.03,-0.03,-0.03,-0.03,-0.03,-0.03,-0.03,-0.03,-0.03,-0.03,-0.03,-0.03,-0.03,-0.03,-0.03,-0.03,-0.03,-0.03,-0.03,-0.03,-0.03,-0.03,-0.03,-0.03,-0.03,-0.03,-0.03,-0.03,-0.03,-0.03,-0.03,-0.03,-0.03,-0.03,-0.03,-0.03,-0.03
-0.03,-0.03,-0.03,-0.03,-0.03,-0.03,-0.03,-0.03,-0.03,-0.03,-0.03,-0.03,-0.03,-0.03,-0.03,-0.03,-0.03,-0.03,-0.03,-0.03,-0.03,-0.03,-0.03,-0.03,-0.03,-0.03,-0.02,-0.02,-0.02,0.1999,0.11665,0.052671,-0.03,-0.03,-0.03,-0.03,-0.03,-0.03,-0.03,-0.03,-0.03,-0.03,-0.03,-0.03,-0.03,-0.03,-0.03,-0.03,-0.03,-0.03,0.21306,0.21322,0.21351,0.2132,0.21249,0.21141,0.20989,0.20802,0.20559,0.20237,0.19902,0.19347,0.22165,0.22174,0.22074,0.21924,0.21596,-0.03,-0.03,-0.03,-0.03,-0.03,-0.03,-0.03,-0.03,0.22305,0.22327,0.22316,0.22261,0.22175,0.22077,0.21905,0.21726,0.21518,0.21283,0.21035,-0.03,0.20549,0.20427,0.20253,0.20017,0.19724,0.19312,0.18758,0.17973,0.20337,0.19953,0.1921,-0.03,-0.03,0.24159,0.24091,0.2403,0.23966,0.23901,0.2376,0.23595,0.23409,0.23212,0.22987,0.22734,0.22459,0.22164,0.21828,0.21458,-0.03,0.20618,0.20144,0.19659,0.19275,0.191,0.18871,0.18536,0.18039,0.17289,0.24069,0.23927,0.23813,0.23681,0.23496,0.23265,0.2304,0.22981,0.2291,0.22812,0.22869,0.2253,0.22398,0.22271,0.22114,0.21915,-0.03,0.21408,0.21117,0.2085,0.20401,0.1986,0.19247,0.18602,0.18059,0.23031,0.23015,0.22989,0.22953,0.22894,0.22816,0.22713,0.22582,0.22398,0.22138,0.2198,0.21784,0.21605,0.21574,0.21495,0.21389,0.21304,0.21168,0.20963,0.20711,0.20425,0.20118,0.19814,0.19694,0.19564,0.21519,0.21502,0.21479,0.21449,0.21413,0.21371,0.21359,0.21338,0.2131,0.21263,0.21201,0.21128,0.21035,0.20905,0.20721,0.2042,0.20203,-0.03,0.20064,0.19978,0.20043,0.19979,0.19751,0.19482,0.19177,0.19818,0.19812,0.19788,0.19765,0.19757,0.19747,0.19734,0.19719,0.19703,0.19683,0.19659,0.19629,0.19611,0.19589,0.1955,0.19504,0.19447,0.19378,0.19269,0.19067,0.188,0.18557,0.18456,0.18535,0.18663,0.17597,0.1763,0.17669,0.17713,0.17759,0.17811,0.17875,0.17917,0.17924,0.1792,0.17916,0.17915,0.17915,0.17916,0.17916,0.17914,0.17908,0.17892,0.17875,0.17852,0.1782,0.17754,0.17654,0.17513,0.17337,0.15197,0.15105,0.15146,0.15207,0.15277,0.15355,0.15441,0.15532,0.15627,0.15723,0.15822,0.15915,0.16029,0.1608,0.16093,0.16104,0.1612,0.16141,0.16164,0.16186,0.16208,0.16227,0.16232,0.1622,0.16184,0.13895,0.13863,0.13829,0.13789,0.13724,0.13652,0.13572,0.13482,0.13382,0.13267,0.13148,0.13297,0.13453,0.13607,0.13762,0.13913,0.14059,0.14197,0.14288,0.14333,0.14364,0.14402,0.14446,0.14491,0.14536,0.12282,0.12253,0.12226,0.122,0.12175,0.12151,0.12127,0.12103,0.12078,0.12052,0.12024,0.1198,0.11917,0.11841,0.11753,0.11648,0.11526,0.11472,0.11693,0.11904,0.12111,0.12306,0.12487,0.12601,0.12695,0.10504,0.10468,0.10436,0.1041,0.10388,0.1037,0.10357,0.10349,0.10344,0.10341,0.10341,0.10343,0.10344,0.10345,0.10344,0.1034,0.10332,0.10319,0.10299,0.10273,0.10207,0.10121,0.10015,0.098968,0.10166,0.085001,0.084416,0.083894,0.083459,0.083116,0.082865,0.082731,0.082693,0.082726,0.082874,0.083094,0.083354,0.083717,0.08412,0.084561,0.085011,0.085487,0.085916,0.08635,0.086745,0.087071,0.087332,0.087517,0.087606,0.087598,0.060726,0.059512,0.058416,-0.02,-0.02,-0.02,-0.02,-0.02,-0.02,-0.03,-0.03,-0.03,0.056964,0.057826,0.058804,0.059907,0.061085,0.062371,0.063655,0.064958,0.06625,0.067483,0.068665,0.069726,0.070717,-0.03,-0.03,-0.03,-0.03,-0.03,-0.03,-0.03,-0.03,-0.03,-0.03,0.017606,0.017596,-0.03,-0.03,0.018758,0.019505,0.020535,0.021379,0.021875,0.021706,0.021496,0.026415,0.032912,0.037819,0.041951,-0.04,-0.04,-0.04,-0.04,-0.04,-0.04,-0.04,-0.04,-0.04,-0.04,-0.04,-0.04,-0.04,-0.04,-0.04,-0.04,-0.04,-0.04,-0.04,-0.04,-0.04,-0.03,-0.03,-0.03,-0.04,-0.03,-0.03,-0.03,-0.03,-0.03,-0.03,-0.03,-0.03,-0.03,-0.03,-0.03,-0.03,-0.03,-0.03,-0.03,-0.03,-0.03,-0.03,-0.03,-0.03,-0.03,-0.03,-0.03,-0.03,-0.03,-0.03,-0.03,-0.03,-0.03,-0.03,-0.03,-0.03,-0.03,-0.03,-0.03,-0.03,-0.03,-0.03,-0.03,-0.03,-0.03,-0.03,-0.03,-0.03,-0.03,-0.03,-0.03,-0.03,-0.03,-0.03,-0.03,-0.03,-0.03,-0.03,-0.03,-0.03,-0.03,-0.03,-0.03,-0.03,-0.03,-0.03,-0.03,-0.03,-0.03,-0.03,-0.03,-0.03,-0.03,-0.03,-0.03,-0.03,-0.03,-0.03,-0.03
-0.03,-0.03,-0.03,-0.03,-0.03,-0.03,-0.03,-0.03,-0.03,-0.03,-0.03,-0.03,-0.03,-0.03,-0.03,-0.03,-0.03,-0.03,-0.03,-0.03,-0.03,-0.03,-0.03,-0.03,-0.03,0.2395,0.23868,0.23852,-0.03,0.23968,0.23725,0.23935,-0.02,-0.03,-0.03,-0.03,-0.03,-0.03,-0.03,-0.03,-0.03,-0.03,-0.03,-0.03,-0.03,-0.03,-0.03,-0.03,-0.03,-0.03,0.21422,0.21417,0.21411,0.21345,0.21295,0.21199,0.21075,0.20917,0.22704,0.22713,0.22759,0.19617,0.18944,0.22434,0.22312,0.22208,-0.03,-0.02,-0.03,-0.03,-0.03,-0.03,-0.03,-0.03,-0.03,-0.03,0.22307,0.22276,0.22211,0.22122,0.22004,0.21859,0.21697,0.215,0.21296,0.21059,0.20832,0.20619,0.20457,0.20249,-0.03,0.19795,0.19417,0.18871,0.20838,-0.03,0.20278,0.19592,-0.03,-0.03,0.23441,0.23369,0.23277,0.23181,0.2306,0.22922,0.22773,0.22616,0.22451,0.22273,0.2209,0.21882,0.21659,0.21407,0.21116,0.20793,0.20442,0.20057,0.1965,-0.03,0.19174,0.18884,0.18515,0.18021,0.17309,0.2286,0.22815,0.22757,0.22689,0.22615,0.22538,0.22441,0.22333,0.22193,0.22027,0.2184,0.21644,0.21441,0.21225,0.21047,0.20829,0.20579,0.20295,0.20088,0.1995,0.19788,0.19526,0.19081,0.18564,0.18124,0.22031,0.22033,0.22022,0.21996,0.21923,0.21804,0.2161,0.21349,0.21401,0.21341,0.21266,0.21183,0.21114,0.20998,0.20831,0.20625,0.20342,0.2018,0.19962,0.19696,0.19404,0.19111,-0.03,0.1884,0.18668,0.20623,0.20623,0.20608,0.20582,0.20543,0.2049,0.20473,0.20472,0.20458,0.20425,0.20344,0.20219,0.20046,0.19796,0.19758,0.19795,0.19748,0.19702,0.19611,0.19475,0.19231,0.19067,0.18836,0.18559,0.1825,0.19112,0.19107,0.19088,0.19033,0.18995,0.18976,0.1898,0.18973,0.18959,0.18937,0.18907,0.18867,0.1883,0.18827,0.18792,0.18733,0.18657,0.18517,0.1828,0.1815,0.18258,0.18238,0.18223,0.18149,0.17936,0.1694,0.16976,0.17015,0.17059,0.17106,0.17153,0.17197,0.17235,0.17264,0.17262,0.17253,0.17262,0.17266,0.17267,0.17264,0.17256,0.17241,0.17216,0.17187,0.17154,0.17108,0.16991,0.16807,0.16579,0.16611,0.14822,0.14737,0.14646,0.14543,0.14428,0.14299,0.14153,0.14862,0.1497,0.15074,0.1518,0.15281,0.15373,0.15453,0.1551,0.15536,0.15555,0.15575,0.15595,0.15614,0.15629,0.15638,0.15631,0.1557,0.15496,0.13365,0.13335,0.13303,0.1327,0.13236,0.132,0.13161,0.1311,0.13027,0.12932,0.12822,0.12696,0.1255,0.12936,0.13112,0.1328,0.1344,0.13587,0.13718,0.13814,0.13874,0.13918,0.13956,0.13997,0.14037,0.11717,0.11687,0.1166,0.11635,0.11613,0.11593,0.11574,0.11556,0.11539,0.11521,0.11502,0.1148,0.11454,0.11424,0.11387,0.1132,0.11224,0.11109,0.11018,0.11263,0.11495,0.11711,0.1191,0.12086,0.12228,0.098668,0.098248,0.097867,0.097584,0.097365,0.097205,0.097114,0.097089,0.097123,0.097195,0.09732,0.097458,0.097617,0.097783,0.09793,0.098052,0.098136,0.098163,0.098126,0.09801,0.097802,0.097494,0.097074,0.096318,0.095484,0.077294,0.076524,0.075878,0.075324,0.074909,0.074601,0.074441,0.074406,0.074508,0.074742,0.075086,0.075546,0.076089,0.076708,0.077401,0.078106,0.07885,0.079579,0.080302,0.080957,0.081563,0.082078,0.08251,0.082826,0.083023,-0.03,-0.03,-0.03,-0.03,-0.03,-0.03,-0.03,-0.03,-0.03,-0.02,-0.03,-0.02,-0.02,-0.02,-0.03,-0.03,-0.03,0.051784,0.053751,0.05572,0.057665,0.059558,0.061331,0.062972,0.064478,-0.03,-0.03,-0.03,-0.03,-0.03,-0.03,-0.03,-0.03,-0.03,-0.03,-0.03,-0.03,-0.03,-0.03,0.0074691,0.0087504,-0.03,0.011963,0.013787,0.015677,0.013614,0.014537,0.015466,0.016396,0.017327,-0.04,-0.04,-0.04,-0.04,-0.04,-0.04,-0.04,-0.04,-0.04,-0.04,-0.04,-0.04,-0.04,-0.02,-0.04,-0.04,-0.04,-0.04,-0.04,-0.04,-0.04,-0.04,-0.04,-0.03,-0.03,-0.03,-0.03,-0.03,-0.03,-0.03,-0.03,-0.03,-0.03,-0.03,-0.03,-0.03,-0.03,-0.03,-0.03,-0.03,-0.03,-0.03,-0.03,-0.03,-0.03,-0.03,-0.03,-0.03,-0.03,-0.03,-0.03,-0.03,-0.03,-0.03,-0.03,-0.03,-0.03,-0.03,-0.03,-0.03,-0.03,-0.03,-0.03,-0.03,-0.03,-0.03,-0.03,-0.03,-0.03,-0.03,-0.03,-0.03,-0.03,-0.03,-0.03,-0.03,-0.03,-0.03,-0.03,-0.03,-0.03,-0.03,-0.03,-0.03,-0.03,-0.03,-0.03,-0.03,-0.03,-0.03,-0.03,-0.03,-0.03,-0.03,-0.03,-0.03,-0.03,-0.03,-0.03,-0.03
-0.03,-0.03,-0.03,-0.03,-0.03,-0.03,-0.03,-0.03,-0.03,-0.03,-0.03,-0.03,-0.03,-0.03,-0.03,-0.03,-0.03,-0.03,-0.03,-0.03,-0.03,-0.03,-0.03,-0.03,-0.03,0.24085,0.24032,0.23836,0.24137,0.23972,0.24079,-0.02,0.24048,-0.02,-0.03,-0.03,-0.03,-0.03,-0.03,-0.03,-0.03,-0.03,-0.03,-0.03,-0.03,-0.03,-0.03,-0.03,-0.03,-0.03,0.21514,0.21502,0.22754,0.22761,0.22762,0.22804,0.22787,0.2282,0.22931,0.22961,0.22854,0.19643,0.22837,0.22694,0.2255,0.22464,0.22272,0.21889,-0.03,-0.03,-0.03,-0.03,-0.03,-0.03,-0.03,0.22094,0.22065,0.22012,0.21934,0.21832,0.21711,0.21573,0.21418,0.21247,-0.03,-0.03,-0.03,0.20525,0.21254,0.21326,0.19854,0.21408,0.2143,0.21267,0.21055,0.20837,-0.03,-0.03,-0.03,-0.03,0.225,0.22414,0.22309,0.22179,0.22037,0.21814,0.21628,-0.03,0.21232,-0.03,0.20987,0.20752,0.20625,0.20471,0.20307,0.20132,0.19914,0.19656,0.19371,0.19746,0.1987,0.19895,0.19865,0.1957,0.19242,0.22237,0.21978,0.2193,0.21866,0.21785,0.21688,0.21573,0.21438,0.21264,0.20996,0.20761,0.20516,0.20301,0.20209,0.19923,0.19793,0.19635,0.19459,0.1928,0.19093,0.18899,0.18699,0.18487,-0.03,0.18288,0.21386,0.21372,0.21324,0.21262,0.21163,0.21027,0.20848,0.20917,0.20861,0.20569,0.20501,0.2042,0.20311,0.20155,0.19847,0.19588,0.19312,0.19189,0.18914,0.18773,0.18602,0.18408,0.18213,0.18016,0.17814,0.19656,0.19696,0.19705,0.19986,0.19956,0.19919,0.19881,0.19856,0.19816,-0.02,0.19681,0.1956,0.19396,0.19356,0.19367,0.19286,0.19174,0.19031,0.18817,0.18553,0.18446,0.18128,0.17824,0.17698,0.17524,0.18212,0.18244,0.18276,0.18306,0.18343,0.18211,0.18147,0.18172,0.18322,0.18312,0.183,0.18283,0.18259,0.18235,0.18207,0.18157,0.18074,0.17958,0.17784,0.17863,0.17832,0.17741,0.17615,0.17421,0.17274,0.15659,0.15726,0.15804,0.15889,0.15981,0.16077,0.16174,0.1627,0.16363,0.16449,0.16537,0.1655,0.16549,0.16599,0.16612,0.16626,0.16638,0.16644,0.16641,0.1663,0.166,0.16127,0.16176,0.16311,0.16379,0.14513,0.14475,0.14435,0.14365,0.14266,0.14153,0.14025,0.13877,0.13708,0.13781,0.13955,0.14126,0.14292,0.1445,0.14598,0.14729,0.14925,0.14936,0.14965,0.14953,0.14994,0.15034,0.15068,0.14923,0.14747,0.12929,0.12902,0.12875,0.12849,0.12824,0.12798,0.12772,0.12743,0.12711,0.12674,0.12611,0.12513,0.12397,0.12256,0.12091,0.11941,0.12187,0.12423,0.12643,0.12845,0.13028,0.1335,0.13389,0.13433,0.13474,0.11104,0.11071,0.11046,0.11025,0.11011,0.11004,0.11001,0.11003,0.11006,0.11011,0.11014,0.11018,0.11017,0.11013,0.11,0.1098,0.1095,0.10905,0.10804,0.10674,0.10514,0.10398,0.10696,0.10971,0.11221,-0.03,-0.03,-0.03,0.088668,0.088469,0.088402,0.088467,0.088628,0.08892,0.08929,0.089721,0.090238,0.090779,0.091335,0.091885,0.092413,0.092883,0.09329,0.093608,0.093832,0.093942,0.093919,0.093757,0.09345,0.09299,-0.03,-0.03,0.062856,0.062032,0.061446,0.061089,0.060971,0.061055,0.061371,0.061933,0.062652,0.06357,0.064686,0.065897,0.067188,0.06855,0.069943,0.071335,0.0727,0.073978,0.07519,0.076278,0.077238,0.078046,0.07869,-0.03,-0.03,-0.03,-0.03,-0.03,-0.03,-0.03,-0.03,-0.03,-0.03,-0.03,-0.03,-0.03,-0.03,-0.02,-0.02,-0.02,-0.03,-0.03,-0.03,0.044268,0.047612,0.050757,0.053635,0.056249,-0.03,-0.03,-0.03,-0.03,-0.03,-0.03,-0.03,-0.03,-0.03,-0.03,-0.03,-0.03,-0.03,-0.03,-0.03,-0.03,-0.04,-0.04,-0.03,-0.03,0.0067209,0.0097775,0.010893,0.0044095,-0.04,-0.03,-0.03,-0.03,-0.04,-0.04,-0.04,-0.04,-0.04,-0.04,-0.04,-0.04,-0.04,-0.04,-0.02,-0.04,-0.04,-0.04,-0.04,-0.04,-0.03,-0.03,0,-0.03,-0.03,-0.03,-0.03,-0.03,-0.03,-0.03,-0.03,-0.03,-0.03,-0.03,-0.03,-0.03,-0.03,-0.03,-0.03,-0.03,-0.03,-0.03,-0.03,-0.03,-0.03,-0.03,-0.03,-0.03,-0.03,-0.03,-0.03,-0.03,-0.03,-0.03,-0.03,-0.03,-0.03,-0.03,-0.03,-0.03,-0.03,-0.03,-0.03,-0.03,-0.03,-0.03,-0.03,-0.03,-0.03,-0.03,-0.03,-0.03,-0.03,-0.03,-0.03,-0.03,-0.03,-0.03,-0.03,-0.03,-0.03,-0.03,-0.03,-0.03,-0.03,-0.03,-0.03,-0.03,-0.03,-0.03,-0.03,-0.03,-0.03,-0.03,-0.03,-0.03,-0.03,-0.03,-0.03,-0.03,-0.03
